Index,NewsID,DeclareDate,Title,NewsContent,情绪
5000,65808740,2016-01-04,智能手机冬至：技术难突破 制造商裁员1.5万,　　2015年最后一天，华为官方宣布智能手机年度出货量超1亿部。此前两天，锤子手机T2发布。虽然T2设计上难逃“刻意与众不同”和偷懒的诟病，但是，整个2015年，不断发布新手机的中国品牌，继续抢占三星、苹果市场。 　　正是2015年，中国手机市场增速下滑，各个品牌实力分化，强势者凯歌高奏一步步刷新记录，失利者折戟沉沙在热闹的舞台凄凉告别。同样在2015年，上市不足一月的iPhone6s，由于销量不达预期而降价，引发智能手机“创新匮乏”的争议。还有什么“黑科技”可以挽救智能手机？缺乏专利的国产手机将如何突围？ 　　终端市场战火也搅动上游供应链的洗牌，据不完全统计，2015年珠三角地区倒闭规模供应链企业13家。这一切，都意味着手机行业的凛冬将至。在2016年国际消费电子产品展（CES）即将召开之际，《每日经济新闻》记者根据大量行业调查，抽丝剥茧，为您奉献手机市场观察大片。 　　刚刚过去的2015年，是国产手机爆发式增长的一年，不仅整体出货量稳步提升，而且对洋品牌的替代明显，显示出勃勃生机。相应的，从2015年下半年开始，全球智能手机制造巨头的光环正在逐渐暗淡。 　　国产手机品牌整体“逆袭”跨国巨头，正在改写全球产业格局。但一片繁荣背后，国产手机厂商也正在遭遇前所未有的压力。IDC预计2015年中国智能手机出货量同比增长1.2%，去年同期这一数据则为19.7%。功能机到智能机的红利期已然过去。 　　智能手机产业已很难再有质的飞跃，资深IT分析人士孙永杰对《每日经济新闻》记者表示，“随着时间推移，剩下的比拼是一个综合体能的比拼，靠的是技术的积累，企业的实力以及在市场后续中的品牌溢价能力。” 　　小米不断被“友商”复制 　　2015年11月24日，在北京国家会议中心内，“以发烧而生”的小米完成了2015年度最后一场大型新品发布，“小米之父”雷军带来了“我所有向往”的深情演讲。不过，业内认为雷军的演讲难掩其背后的尴尬，小米公司经过4年高速增长的奇迹后，如今在全球手机瞬息万变的大环境下已无法再保持当年一骑绝尘的势头。 　　“也许外媒最新的一篇报道才是切中了雷军真正的要害。”孙永杰告诉记者。 　　据彭博社报道，最初小米凭借特有的用户群和销售模式赢得了投资者，但随着竞争对手纷纷效仿小米模式，小米的先发优势逐渐丧失。由于小米可能无法兑现其2014年定下的2015年销售1亿部手机的目标，其450亿美元的估值或许在未来被减记。 　　投资研究机构Sanford C Bernstein驻香港分析师阿尔伯托·摩尔称：“所有这些增长预期均未能实现，使得其450亿美元的估值变得有些不现实。”对此说法，小米给予了否定，“文章严重失实及不客观。” 　　在雷军看来，“过去的5年，是小米的5年，也是中国手机行业巨变的5年。”雷军对过去几年手机市场的感慨是，不管被人议论也好诋毁也罢，经过四五年的腥风血雨，在全体友商们的共同努力下，中国国产手机占到了市场的主流，整个行业都进步了。 　　而行业的进步，离不开友商们对小米开创的中国智能手机产业独特营销模式的“学习”。孙永杰认为，大家丝毫不否认小米这种模式确实促进了中国智能手机产业的发展，有些模仿者学到了营销模式的方法，但缺少硬件上的核心竞争力败下阵来；但有些曾经被喻为追赶者的友商不仅在销量上超越了小米，其对于手机产业和用户的价值也通过价格的上涨得到了充分体现。 　　竞争激烈下被迫裁员 　　有媒体预测，2015年手机制造商的裁员将达到15000人，主要是在手机部门进行。 　　2015年7月，微软透露将从其手机部门裁减7600个工作岗位，其中很大一部分来自其收购的诺基亚手机部门。微软已经表示设备销售不再是手机部门的核心业务，它将专注于向消费者和企业销售软件（如Office）和服务（如OneDrive）。 　　早在2015年2月份，索尼宣布将从其移动通讯部门裁员2100人，该部门一直负责其Xperia手机的开发。据悉，索尼移动通讯部门的净亏损额从2014年同期的1280万美元扩大到2015年6月的18440万美元。 　　其他安卓智能手机制造商的崛起也是这些曾经的巨头开始裁员的原因，以小米为代表的一众国产智能手机厂商提供的智能手机，给巨头们带来了不小的压力。 　　根据OpenSignal提供的数据，自2012年以来，安卓设备的总数增加了近6倍。数据还显示，越来越多的消费者喜欢购买廉价的智能手机。根据IDC的报告，从2010年6月到2015年6月，“其他”品牌的智能手机的市场份额已经从17.1%增加到45.3%。 　　事实上，整个市场竞争核心都体现在了性价比上，这是一个产业走向衰退的标志，速途研究院院长丁道师对《每日经济新闻》记者表示，虽然苹果2015年度发布会槽点比亮点还多，但毋庸置疑，苹果仍然是最富有创新力的一家企业。 　　2015年8月起，手机厂商便开始“争先恐后”地发布新品。除了激烈混战的千元机市场，格外引人注目的是，国产手机开始向高端市场突围。 　　究其原因，格局的变化带给了国产厂商进军高端市场的空间。来自市场研究机构的数据显示，从2014年9月~2015年3月，4000元以上旗舰机型苹果依然占据市场绝对优势，但在3000~4000元的中高端机型，苹果市场份额从16%上升至22%；而三星份额从50%下降25%。三星失去的，正由国产品牌快速填补。 　　核心技术创新为前提 　　孙永杰认为，目前仍不断有手机厂商加入，是因为全球智能手机还有市场空间，但靠比拼价格、资本实力，在大产业环境放缓的当下已无竞争优势。 　　2015年10月，大可乐手机宣布破产。业内分析指出，导致破产的直接原因是投资方停止了对其所有的投资。 　　孙永杰认为，投资者的谨慎态度，足以说明中国智能手机行业已进入真正的比拼阶段。由于此前国内智能手机市场的快速增长，吸引产业链向国内集中，但制造的门槛降低，也大大加剧了竞争的形势。 　　手机市场销量整体下降，但竞争却变得越发激烈，这便是目前看似繁华的行业背后，手机厂商面临的最大危机。 　　“未来手机终端已无创新突破，比拼的是核心部件的创新。”孙永杰表示，小米这种独有商业模式门槛低，相对苹果和华为，小米比较欠缺产业链上的筹码，比如芯片等差异化核心技术。 　　然而，想要在核心技术上突破并非一朝一夕之功。 　　据《每日经济新闻》记者了解，早在iPhone4时代，苹果就已经开始使用自主核芯片，并从iPhone5开始进一步将架构替换为自主的Swift，这种采用自主核创新的结果就是性能超越其他Android阵营旗舰机。 　　这也是为何三星未来要竭力在系统上加大研发投入（例如自有操作系统Tizen），而谷歌欲打造自主芯片的主要原因。国产手机厂商只有创新，包括服务创新、硬件创新、核心技术创新等，才会在日后更加激烈的竞争中积累出更多的品牌和口碑势能。,正向
5001,65808742,2016-01-04,湖北济川药业股份有限公司股票2015年12月28日2016年01月01日二级市场表现周简报,,负向
5002,65808743,2016-01-04,智能手机争霸：华为出货超亿部 苹果利润占九成,　　回顾全球智能手机行业在2015年的表现，尽管四季度的相关监测报告未出，但Canaccord Genuity数据显示，三季度从出货量看，三星第一，苹果第二，华为第三。华为官方公布的最新数据是全年出货量超过1亿部。与量形成反差，三季度，苹果在全球智能手机行业的利润份额增至94%，环比二季度增长4个百分点。 　　不过，手机中国联盟秘书长王艳辉接受《每日经济新闻》记者采访时表示，关于苹果占94%利润份额的统计，并未纳入华为、小米、VIVO、OPPO这4家盈利厂商的业绩，难以客观全面地反映行业状况。整体上，苹果的市场份额增长得没有以前快，但其利润份额占比确实还在提高。 　　资深IT分析人士孙永杰告诉记者，智能手机产业发展至今，再出现颠覆式创新不太现实。眼下的微创新，更多体现在提升用户体验，不再是外观等能快速直观感知的表象变化。高端市场愈发被苹果握牢后，Android阵营最终拼的将是量。 　　高端市场苹果愈发强势 　　Canaccord Genuity称，2015年三季度，售价上，iPhone的平均销售价格为670美元，三星智能机的平均销售价格只有180美元。利润上，三星仅收获智能机市场总营业利润的11%。而苹果和三星的总营业利润份额之所以超过100%，是因为其他多数手机厂商出现了营业亏损。 　　《每日经济新闻》记者了解到，Canaccord Genuity的这一统计，涉及厂商有苹果、三星、微软、黑莓、联想+摩托罗拉、索尼、LG和HTC。华为、小米等出货量较大的另几家厂商，则未在统计范围内。 　　王艳辉表示，该统计并未纳入华为、小米、VIVO、OPPO这4家盈利的手机公司数据，难以客观全面地反映目前全球智能手机行业状况。但报告仍表明一个趋势，苹果手机的利润在上涨，三星的利润在下滑。 　　“现在整体来看，苹果（手机）的市场份额涨得没有以前那么快了，这里面有几个原因：欧美市场，苹果的份额基本已经饱和。而目前全球智能手机增量主要来自印度、非洲等，这些市场主要是低端机更多，所以这一增量市场与苹果的关系并不大。”王艳辉分析说。 　　苹果的增量市场在中国 　　手机业务是苹果营收占比最高的部分。苹果截至2015年9月26日的2015财年第四财季报告显示，第四财季，iPhone 销量4804.6万部，环比增长1%，同比增长22%；来自于iPhone的营收为322.09亿美元，环比增长3%，同比增长36%。 　　不过，该财季的iPhone 销量却不及市场4872万部的预期。有观点称，iPhone销量见顶，未来仅可实现小幅增长甚至是负增长。王艳辉则认为，苹果手机基本每两年有次大更新，2015年从产品本身讲是“小年”，能有现在这样的成绩已经不错。 　　分地区看，第四财季，苹果来自大中华区的营收为125.18亿美元，同比增长99%。同比近乎翻倍的营收，使得大中华区不仅增幅最大，也是营收仅次于美洲部门的地区。 　　“iPhone7出来后，又会是一个（销售）高潮。”孙永杰表示，iPhone售价几乎是国产手机高端机型两到三倍的价格。相对于量，苹果注重的是利润和营收。王艳辉称，未来大中华区的销量，对苹果的影响会越来越大。 　　Android阵营最终拼量 　　据IDC统计，2015年三季度，智能手机全球出货量排名前五的厂商依次是：三星、苹果、华为、联想和小米。 　　王艳辉对《每日经济新闻》记者表示，Android阵营的中国厂商里，国内国外市场发展相对均衡的是华为。联想、TCL和中兴，目前主要以海外市场为主，毕竟海外市场的增量明显，这些厂商又在外发展多年，渠道、品牌等方面都有了不错的积累，想在国内市场重新跃起则需要时间。 　　“Android阵营最终比拼的还是出货量，以规模取胜。”孙永杰直言，2015年三季度，三星通过压低售价，出货量同比增长6%。因此，尽管三星手机的利润和营收在下滑，其出货量第一的份额优势仍在，还是产业龙头。其他Android厂商要想超越三星，最终得从量上超越，目前仍有较大差距。 　　孙永杰称，Android阵营的任何一个厂商去走高端路线都会很艰难。原因是苹果已把Android阵营的高端机压低了一个价位段，目前Android高端机型主要在3000元到5000元区间。 　　王艳辉有着类似判断。未来，智能手机利润还会是苹果占据最大份额。而Android阵营，基本是三星和中国厂商的PK。 　　国内红海靠资金说话？ 　　2015年，苹果在高端市场仍近乎无人能敌，华为成为全球第三家出货量过亿的厂商。但在部分用户看来，iPhone乃至Android阵营似乎都遇到了创新瓶颈。 　　“iPhone创新没有以前吸引人是个误解，从整个技术生态来看，苹果领先的程度不是在降低，而是在拉大和对手的差距。”王艳辉对记者说，曾经真正能在高端市场冲击苹果的，只有三星、HTC和索尼，但现在这几家公司都在走下坡路。这一趋势和生态结构有关，对新技术的导入和应用，苹果的封闭式生态比Android系统更容易。 　　而若聚焦中国市场，还有VIVO、OPPO、魅族、锤子等品牌厮杀于红海。 　　“过去两年进入的公司，运营都很辛苦，挣不到钱还看不到挣钱的希望，大格局已定。”王艳辉认为，目前智能手机的过高性能对日常使用的用处不大，导致用户更换手机的动力减弱。因此，国内市场已谈不上进入，未来是退出趋势。他对记者称，中国智能手机市场的竞争要看渠道，单看每一个特定渠道会发现，还是前三名垄断行业利润。比如，线上渠道小米、荣耀、魅族占据约80%以上的市场。线下，华为、VIVO、OPPO占据半数以上市场。 　　孙永杰则认为，目前智能手机产业并没有饱和。国内依然有厂商进来，看中的便是再次把握用户市场的机会。毕竟相比平板电脑和PC，用户更换手机的频率更高。对后进厂商和中小厂商来说，如果没有明显的差异化能力，最终比拼的就是产品价格，或说是厂商的资金实力。,负向
5003,65808745,2016-01-04,有研新材料股份有限公司股票2015年12月28日2016年01月01日二级市场表现周简报,,负向
5004,65808746,2016-01-04,成都华泽钴镍材料股份有限公司股票2015年12月28日2016年01月01日二级市场表现周简报,,负向
5005,65808747,2016-01-04,向海外突围：国产机盯上印非26亿人口,"　　2015年12月4日，研究机构IDC发布报告称，2015年全球智能手机销量增长将首次降至10%以下，主要原因是中国市场需求开始趋缓。中国的智能手机普及率达9成，购买需求进入换机需求阶段，国产手机厂商出海实现边际效益或者寻找新大陆成为趋势。华为、小米们飘洋过海在欧洲、印度乃至非洲市场攻城拔寨，华为、中兴、联想等厂商一半以上手机销售在海外市场完成。金立、OPPO等厂商在印度市场品牌逐渐构建成功。 　　然而，悬而未决的专利问题仍然是国产手机走向海外亟待解决的问题。与此同时，在印度以及非洲市场，国产手机也面临着当地居民以低价机为主的消费现状，以及自身品牌试图向高端市场突围的矛盾。 　　印度、非洲空间最大 　　IDC数据报告显示，2015年全球智能手机出货量预计将增长10%左右，达14.3亿部，这也是智能手机市场增速首次低于两位数百分比。“中国市场在2014年增速达到顶峰之后，2015年已连续两个季度出现增速下滑。”IDC高级分析师闫占孟表示。 　　IDC认为，未来5年内，中国智能机市场正在成为换机市场，增速明显放缓，其他亚洲国家、拉美和西欧的需求也在放缓,仅有印度和非洲以及中东等地区的手机市场保持增长。 　　IDC此前调查数据显示，2014年非洲智能手机市场占有率整体增长了108%，成为全球手机用户增长最为迅猛的地区之一。2015年中国手机厂商在非洲、印度市场表现很有可能会更乐观。 　　IDC数据显示，华为、传音、阿尔卡特已经跻身非洲智能手机市场前五名。华为2015年上半年财报显示，华为消费者业务在北非地区的收入同比增长164%，成为华为消费者业务在全球增速最快的市场之一。 　　“印度有超过15亿人口，非洲超过11亿，两地是全球人口增长速度最快的市场，且人口结构年轻，未来数年时间是青年化的市场。同时制度建设相对落后，一定程度上让市场更活跃，上述地区未来几年将是全球手机市场增长最快的。”非洲市场手机出货量最大的中国品牌TECNO市场总监刘俊杰对记者分析。 　　“但是从印度、非洲市场实际情况看，印度低端智能机在未来一段时间仍是主流，影响国产手机利润收入。而受运营商网络覆盖情况以及购买力的影响，实际增速也许并不会特别理想。”刘俊杰分析。 　　品牌建设尚待突围 　　“国产手机在印度基本上还处于烧钱圈地的阶段。离开国内市场的激烈竞争，中国品牌希望在全球第三大市场通过品牌获得更多利润，中国厂商希望通过印度和亚非拉市场完成对三星、苹果的品牌突围和超越。”手机中国联盟秘书长王艳辉称。 　　金立总裁卢伟冰对记者表示，金立在印度的渠道销售员有7000多人，零售网点发展到两万个，在印度建立制造本地工厂，2015年金立智能手机在印度销售预计超过400万部。“金立希望通过中高端市场定位在印度建立品牌，目前金立产品平均价格仅次于苹果和三星。” 　　这意味着在品牌建设需要大手笔的投入，2014年金立成为印度板球超级联赛的冠军球队KKR的赞助商。卢伟冰称，印度有超过85%的人关注板球赛事，借助板球运动粉丝，金立将能快速增加在印度市场的品牌知名度；同时金立在印度成立白血病基金参与当地的公益活动。 　　以往在非洲市场，提起中国品牌更多的还是“山寨机”概念，但是这一情况正在改变。深圳一家手机企业高管告诉记者：“在非洲连同全球其他市场都以品牌手机为主导，山寨机没有机会了。并且中国品牌手机在市场上的售价并不低，像华为、联想、金立平均要200美元以上，阿尔卡特、中兴的售价也在100美元以上。” 　　华为手机业务负责人表示，在非洲主要以高端产品为主，主推P8、Mate7、G7等旗舰手机。华为认为，随着网络的普及，功能机到智能机的转化率快速提升，华为希望在非洲建立高端产品品牌。 　　但在非洲，比华为和小米更为耳熟能详的中国手机品牌，是深圳传音控股旗下的TECNO。早在7年前传音开始深耕非洲市场，现已渐成气候。2014年出货量超过4000万部，在非洲手机（包括智能机和功能机）出货量排名上，传音出货量超过三星、诺基亚、华为排名第一，市场份额占比超过25%。 　　“非洲消费者购买力结构是典型的金字塔机构，大部分人群对智能手机接受速度仍然比较慢，高端用户基本上会选择苹果和三星，华为是目前比较有机会真正进入高端的品牌，中国品牌进入苹果三星占据的第一阵营还需要较长时间的品牌建设。”刘俊杰表示。 　　专利仍是一道坎 　　印度和非洲比较宽松的市场环境，给中国手机企业比较宽松的市场空间。然而，专利问题始终是中国手机企业出海无法回避的问题。 　　在印度与爱立信纠纷尚未结束的小米，近日，被爆出在美国市场再次遭遇专利诉讼，专利公司BlueSpike指控小米的智能通信设备侵害BlueSpike所拥有的专利，该专利公司在日前也起诉了华为。事实上，不久前小米刚刚就专利授权与高通达成协议，此次起诉再次体现了海外市场环境的复杂性。事实上，不管是华为、中兴，还是小米、一加，无可避免地在海外都遭受过“专利大棒”。 　　王艳辉表示，“现实环境是，希望向手机企业收取专利费的不仅仅是高通、爱立信、Nokia、微软等通信大厂，还包括几十家大大小小的NPE（非专利实施体），一家手机品牌真的按照这些专利厂商的要求缴纳专利费，可能手机售价的一半以上必须支付给这些公司。若真如此的话，手机厂商恐将陷入立即倒闭的绝境。” 　　与美国市场比起来，印度和非洲市场专利环境比较宽松。不过，小米在印度市场还没有解除爱立信的起诉。“国产手机在印度销售手机的不只小米一家，但出货量大的小米可以被爱立信做为典型，一旦爱立信获胜，可以按照同样的方式向金立、OPPO、VIVO、一加收取专利费。”王艳辉分析。 　　王艳辉认为，非洲市场手机厂商还没有遇到专利诉讼问题，一方面在于非洲政府体制不完善，甚至许多国家没有专利局这样的机构；另一方面是市场销量目前还比较小。因此中国手机品牌出要想出海，拥有一支专业的律师团队是非常有必要的。",中性
5006,65808749,2016-01-04,青岛天华院化学工程股份有限公司股票2015年12月28日2016年01月01日二级市场表现周简报,,负向
5007,65808750,2016-01-04,向线下突围：VIVO成渠道下沉样板 金立欲增3万门店,　　2015年10月，手机厂商VIVO以7亿元夺得2016年湖南卫视《快乐大本营》独家冠名权，价格比去年同期翻了一倍。“我们非常认同这种广告营销带来的价值。”2015年11月30日VIVO全球副总裁冯磊接受《每日经济新闻》专访时表示。凭借广告轰炸和三~六线城市渠道的成功，2015年VIVO智能手机出货量将超4000万部，销售额超过400亿元人民币。手机中国联盟秘书长王艳辉表示，VIVO2015年国内市场出货量将仅次于华为、小米排在第三位，领先中兴、酷派和联想，线下市场接近10%的利润率同样令同行艳羡。 　　但这一局面在2016年恐怕会被改写。VIVO广告营销加线下门店销售的模式吸引着越来越多厂商向三、四线城市下沉。从华为、小米、金立的动作来看，渠道之争难以避免。可以预见的是三、四线城市线下门店销售将进入寸土必争的“巷战”，而问题的关键在于能不能让线下渠道商赚到钱。 　　线上线下成本拉近 　　手机分销代理商爱施德董事长黄文辉分析表示，“目前国内手机线上市场占比达到25%左右，未来这一比例可能会继续增加，但是市场对线上的认识开始发生变化。线上手机品牌营销和获取流量的成本在不断增加，而低价且透明的互联网模式让手机厂商利润越来越低，线下市场尤其是四到六线的县市市场尚无饱和迹象，一定是下一步竞争的焦点。” 　　在三、四乃至五、六线城市市场，渠道耕耘最深的“样板”是步步高系的VIVO和OPPO。你可以想象这样一幅画面，在全国一千多个三、四线城市的10万多个零售店，有5万多名统一着装，身穿蓝白相间服装的导购员向消费者推销VIVO手机，而零售商们则一边笑着收钱，一边把最好的位置留给VIVO。VIVO在国内零售门店绝对数字和对线下渠道的控制力，令以渠道布局著称的三星望尘莫及。 　　重金广告投入、精确的产品定位以及与渠道商“股权捆绑”关系，让VIVO维持了品牌高溢价和市场接受度。“2015年4000万部的出货量，VIVO仅次于华为、小米排在国内市场第三位，但在利润上，会让所有国内厂商望尘莫及。国产手机厂商平均每部的利润率只有5%左右，而VIVO利润率能保持在9%到10%左右，且每个价位的手机都保持了较高的利润率。”王艳辉表示。 　　在线下零售市场风生水起，让VIVO对小米、乐视等互联网品牌并不艳羡。冯磊表示，“VIVO目前在线上渠道销售比例不到5%，日后也并没有大幅投入线上的计划，一方面是线上销售市场成本在增加；另一方面，在线上渠道的刺激下，线下渠道的效率在提升，两个渠道销售的成本，在趋势上正在逐渐拉近。” 　　集体争抢线下渠道 　　哪里有利润，哪里就是竞争的战场。“现在很多厂商在谈红海，但在三线到六线市场其实并没有多少厂商来做。”冯磊所说的局面或许很快就会转变。VIVO、OPPO得意的三、四线城市正成为许多国产手机厂商战略目标。 　　2015年12月18日，华为对外发布了“千县计划”。华为消费者业务董事长余承东接受《每日经济新闻》记者采访时表示，华为下一步战略重点是品牌营销和线下渠道。余承东认为华为在一、二线城市布局相对完整，但在三、四线城市相对落后，有很大的发展空间。为此，华为计划明年在全国1000个县城布局零售店，按照3000个有效市场估算，这一数字占到市场三分之一，另外华为也在计划加大品牌广告投入。 　　金立董事长刘立荣对记者表示，金立正计划将四到六线城市的销售门店从7万扩张到10万个，导购员从4万名增加到5万名。此外，刘立荣表示将在广告宣传上重点指向体育市场，2016年中国足球之队赞助1.5亿元，央视体育频道投入2亿元，在全国门店统一品牌更新投入5亿元以上。 　　酷派集团总裁李斌此前接受记者采访时明确表示，酷派正在重构线下渠道，在线下渠道学习VIVO、OPPO，同时以“股权绑定”的方式与渠道商深度结合，激活渠道积极性重构渠道生态。据酷派公布的数据，针对开放市场的品牌ivvi目前已经发展了1.2万个线下网点。 　　互联网手机厂商在线下市场的布局也在发力，2015年11月小米联合国美建立第一个线下门店，魅族在12月份宣布第2000个零售店在深圳落成。魅族在接受部分媒体采访时亦表示，线下市场要学习VIVO和OPPO的模式。 　　一加手机线下“夭折” 　　理想很丰满，但线下市场尤其是四到六线县级市场渠道构建也更加复杂。“在国内市场线下渠道掌控能力较强的VIVO、OPPO、金立三家在线下市场从DVD、功能机时代已经开始，打通县级、乡镇市场与渠道商、零售商之间的伙伴关系是竞争力，也是门槛。”手机中国联盟秘书长王艳辉表示。 　　用冯磊的话说，线下渠道涉及到物流、分销，乡镇店面的维护非常复杂，产品定位和渠道策略如果不能吻合，上下游之间配合都很困难。在蛋糕分割上，要让围绕利益链的所有相关者都满意，商业链条才可以持续下去。 　　事实也证明，不是所有的手机厂商都适合在线下布局。2015年11月份，成立2年时间发展迅速的互联网手机厂商一加手机官方确认即将关闭全国45家线下体验店。一加发表声明称，为了保证线上线下同价的购物体验，一加将集中资源专注于线上渠道，并短期内不再拓展线下经销商。 　　“所有手机厂商下沉到三四线城市都需要时间成本和资金成本，以往走运营商市场以及互联网渠道的手机厂商在公开市场的布局还有很远的路要走。而且并不是所有手机厂商都适合下沉渠道，线下渠道成功的核心条件之一是让渠道商赚到足够的钱，产品如果没有高溢价能力，就没有成功的机会。华为品牌目前具备这个条件，反观小米和魅族产品目前的溢价能力都不足。”王艳辉对记者分析。 　　一位安徽阜阳市手机渠道商旗下有六间不同品牌的手机销售门店。他表示销售VIVO和OPPO利润比较稳定，导购员容易吸引消费者，品牌展示也做得最好。随着华为品牌影响力在三四线城市逐渐升温，今年华为线下零售也开始明显好转。 　　“有个明显的变化是销售华为的利润开始超过三星，但是仍然不够稳定，比如MATE8等新机发布溢价较高，普通机型销售利润较低。”该人士表示。 　　该人士表示，互联网品牌目前在线下通常通过线上市场转小B渠道再到零售店的路径，主打性价比的互联网品牌在线下销售通常没有多少利润，零售门店更愿意给消费者转推其他利润较高的手机。 　　“相比VIVO和OPPO的通过一次代理商分销到店的模式，金立、酷比等手机厂商往往采用独代方式，给渠道商利润较高，目前销售情况比较可观。当然手机产品质量是决定性的要素，比如深圳有一家巨头新推的手机品牌目前渠道铺开1万多家，但是产品质量较差且性价比较低，零售商都不愿意卖。”上述渠道商对记者表示。 　　在刘立荣看来，未来3年全球手机品牌将只剩6到10家，决定手机企业生存的将是全球开放市场的竞争力，中国手机品牌在国内市场线下渠道的战争，也将会复制到下一个目标市场——印度。,正向
5008,65808752,2016-01-04,湖北新洋丰肥业股份有限公司股票2015年12月28日2016年01月01日二级市场表现周简报,,负向
5009,65808755,2016-01-04,扬州扬杰电子科技股份有限公司股票2015年12月28日2016年01月01日二级市场表现周简报,,负向
5010,65808753,2016-01-04,上游冰封 深圳一年倒下13家手机供应商,　　当寒冬到来时，才知道谁没有穿棉衣。对于手机供应链厂商来说，在手机及相关部件市场增长速度大幅放缓的时候，适时的技术创新就是行业寒冬来临时保命的棉衣。 　　全球手机产业链最完整的广东，既是创新速度最快的市场，也是淘汰速度最快的市场。2015年初，东莞兆信通讯董事长高民的自杀，拉开了手机产业链寒冬的序幕。10个月后的中兴供应商福昌电子、年末的锤子手机代工厂中天信被迫停产，让这个行业的困境进入公众视野。据《每日经济新闻》记者不完全统计，深圳在2015年倒下的手机上游一级供应商有13家，违约资金超过20亿元。 　　在一级供应商倒下背后，数量更庞大的次级供应商在资金链危机传导过程中不堪重负。在供应链的最上游，体量更小、数目众多的原材料供应商也成为受伤的一环。下游手机品牌加速洗牌，将创新能力弱、同质化严重的上游供应链带入寒冬，资本的进场也在加速上游产业链的洗牌。 　　福昌电子倒在新三板门口 　　2015年10月8日，福昌电子停止生产、放弃经营。在股权改制完成准备登陆新三板的最后一个关口，资金链断裂导致其崩盘。 　　产业链同质化竞争、转型节奏慢是破产倒闭潮发生的主要原因。“曾经MP4、电子手表的供应链，在2010年之后基本都在做智能手机塑胶外壳，在手机金属外壳流行的时候，大量的塑胶供应链又面临转型的节点，无论是塑胶还是金属产品线前期投入都很大，且回报周期长，从塑胶到金属转型技术要求很高，没有实力转型的企业只能接受微利，同时大量同质化产品压缩了行业利润。”深圳一家为神舟、酷派等企业供应金属精密器件的厂商对《每日经济新闻》记者表示。 　　2015年，智能手机终端发生了两大变化，一是品牌开始集中，多个品牌销量出现下滑。据记者了解，除华为完成预期目标外，多家手机品牌实际销售距离年终目标甚远。另外，多家体量较小的手机公司退出，如曾名噪一时的100+、大可乐等互联网手机品牌退出市场。 　　另一方面，一些低端的手机外壳也从塑胶转向金属精密件。根据中国产业信息的数据，金属外壳的渗透率将从2012年的10%提升至2016年的38%，市场对于金属外观件的加工需求呈现出爆发式增长趋势。荣耀旗下千元机荣耀4X，在2015年创下了过千万的销量记录，而在当年10月份，荣耀4X的下一代产品5X已经由塑料换成金属。同时，魅族低端机型魅蓝打出“金属潮流民主化”的口号，这都意味着上游供应链的调整。 　　同时，手机产业链资金压力几经传导落在上游供应链。前述厂商负责人告诉记者，在手机生产的全部链条中，手机厂商在食物链最上游，通常手机厂商对一级供应商占款为半年时间，一级供应商对次级供应商占款时间通常更长，一旦资金链出现问题原材料成本无法正常支付。“尤其在近两年，一些低端手机厂商被大品牌挤压，没钱付给供应商，仅在华强北手机企业破产跑路的都不在少数。” 　　相比一级供应商，次级供应商数目更庞大，且同质化非常严重，行业之间也存在恶性竞争。以手机外壳需要的涂料为例，据记者调查了解，在深圳，对福昌一家供应涂料的次级供应商有数十家，整个深圳给消费电子供应涂料的供应商大大小小有300多家。“互相之间质量、价格相差不大，有些企业为有资格成为福昌供应商，甚至主动提出延长还款时间，与对手竞争供货资格，导致恶性竞争。”供应商对记者表示。 　　供应链需加快创新与智能化转型 　　深圳市联懋塑胶有限公司（以下简称联懋塑胶）董事长潘清寿表示，2015年的手机及相关部件市场增长速度大幅放缓，供应链洗牌加快，一些粗放式管理、没有及时转型升级的公司会被淘汰，能聚集优秀人才、具有创新能力和高管理水平的企业才会继续生存。 　　联懋塑胶成立于2008年，与福昌电子一样也是以塑胶外壳起家。与福昌电子不同的是，联懋塑胶从2014年起开始布局金属外壳领域。2015年，联懋已大量布局金属壳产能，预计2016年会达到月均数百万台金属壳的产能。 　　“我们认为现在需要做的不仅是塑胶转向金属，手机厂商的要求越来越高，在规模上和创新上，特别是新工艺、新材料提出更高要求，我们已经提前介入手机厂商的前期研发设计阶段。”在潘清寿看来转型不仅仅是产品种类的改变，投入是生存的关键，如果不引进专业人才，提升生产工艺，就不能适应行业的发展趋势，被淘汰不可避免。 　　据工信部数据显示，2014年，中国智能手机市场出货量为4.52亿部，同比下滑21.9%，而2015年前十个月IDC数据显示，中国区智能机出货量较2014年下降18.5%。终端市场出货量的萎缩加速上游产业链的洗牌，而在整合时期，谁手里有资金，就能把奄奄一息的对手打垮，资本的介入在加速产业链的洗牌。 　　2014年，联懋塑胶被上市公司星星科技收购100%股权。“联懋与星星科技产生了协同效应。”潘清寿表示，星星科技的融资平台减轻了联懋的财务支出，同时星星科技主营手机触摸屏和玻璃盖板，双方合作完善了各自的产业链，可以把整个产品链打包给终端客户。 　　同时，星星科技在2015年半年报中表示，并购深圳联懋之后，公司产品结构实现横向优化，使上市公司切入智能消费电子精密结构件领域，对现有业务形成补充和延伸。 　　2015年9月奋达科技作价11.18亿元收购深圳欧朋达科技（深圳）有限公司（以下简称欧朋达）100%股权。欧朋达是位于深圳的一家消费电子产品金属及新型材料外观件开发级供应商，主要客户为索尼、摩托罗拉、步步高、小米、三星、HTC和诺基亚等。收购完成之后，奋达科技将为欧朋达市场拓展提供资金支持，增强了在金属外观件市场竞争的资金储备。 　　2015年9月，华为、三星、索尼一级供应商鑫灏源精密技术股份有限公司挂牌新三板。鑫灏源董秘刘秉天对记者表示，人工成本持续攀升在加重制造企业负担，手机模具发展趋势走向智能化，长盈精密等精密制造业借助资本力量完成智能化改造，供应链企业如果不能在技术创新和智能化转型上完成目标，面临的竞争局面会越来越激烈。,负向
5011,65808756,2016-01-04,常州光洋轴承股份有限公司股票2015年12月28日2016年01月01日二级市场表现周简报,,负向
5012,65808757,2016-01-04,二手车电商困局：不烧钱会死 烧钱不一定能活,　　O2O资本寒冬，二手车电商却依旧任性烧钱。2015年下半年以来，二手车电商的广告似乎在一夜之间挤满了人们的视线。而多位二手车电商高管告诉《每日经济新闻》记者，动辄砸数亿元广告费的“疯狂”现象，2016年还将继续。可烧钱背后，是渗透率不足10%和整体不盈利的行业格局。 　　这种情况究竟还要维持多久？各种模式之争，谁将留在最后？线上、线下二手车商又是怎样的竞合关系？记者采访多位一线从业者，探析二手车电商的现在和未来。 　　近年来，铺天盖地的二手车电商广告，从未如此密集地爆发。 　　“劈开用户的脑海，种下我们的品牌。”人人车联合创始人杜希勇告诉《每日经济新闻》记者，这种魔性的洗脑功能，就是二手车电商砸广告的目的。当有二手车交易需求的顾客能想到二手车电商，这广告就起了作用。 　　2015年，二手车电商烧在广告上的钱，总计超过8亿元，2016年这个数字还将扩大。“在3个月里，瓜子二手车差不多投放了3亿元的广告，我们2016年还打算再投放10亿元。”瓜子二手车销售总监黄镇对《每日经济新闻》记者表示。 　　但艾瑞咨询发布的《2015年中国二手车电子商务行业研究报告》显示，二手车电商的成交量占行业总成交量的比例（即渗透率）仍不足10%。仍处于发展和探索的初期。 　　烧钱背后，二手车电商依然难逃有模式但尚未实现盈利的困境。用业内人士的话来说，这个急需靠刷广告来获取存在感的O2O新贵，如果不烧钱会输在起跑线，而烧钱也不一定能活下来。 　　行业已开始转向2C模式 　　“仔细想来，并不是所有二手车电商都在大肆铺广告，其实花重金砸广告的就3家：优信二手车、人人车、瓜子二手车。”杜希勇对《每日经济新闻》表示。 　　2015年7月，优信二手车率先引爆广告大战，以3000万元的天价拍下《中国好声音》第四季冠军宣布前60秒的广告，成交价高于2014年近三倍。9月，赶集好车更名为瓜子二手车直卖网，并高调吆喝“个人车主直接把车卖给个人买家，没有中间商赚差价”。11月，黄渤代言的人人车广告传遍大街小巷。 　　据了解，优信这一轮的广告投放在4亿~5亿元左右，瓜子是2亿~3亿元，人人车为5000万元。而这三家二手车的模式均针对2C端的个人买家市场。 　　事实上，伴随互联网与移动互联网技术的成熟，国内二手车在近4年间涌现出多种新兴电商模式。艾瑞汽车首席分析师周鑫表示，2B模式主要解决了车源的问题，是现阶段及未来较长时间里的重要交易模式和车商获取车源的主要途径。B2B模式服务两端均为车商，车源更加集中，容易产生批量销售，是现阶段最主要的交易模式。C2B模式主要解决了个人车主卖车的痛点，同时又很好地补充了B2B 平台以及车商获取车源的渠道。 　　随着2B模式的不断深耕，不少二手车电商已开始转向2C模式。做2B模式的车易拍、优信也都切入了2C市场。 　　艾瑞汽车高级分析师曹洋认为，C端买方市场尚未大规模培育，二手车产业链尚未完全打通，车源是各方争夺的重点资源。培育C端买方市场是一个投入巨大且长期的工程。 　　在多位二手车C2C从业者看来，不同于打车、外卖等“轻决策”的生活服务类O2O，个人车主买卖二手车是个“超级重”的决策，面对大宗商品的购买，平台的品牌知名度和美誉度是客户非常看重的。 　　烧钱打广告为“市梦率” 　　对于2C端的二手车商家砸广告的原因，多家二手车电商方面均表示，打广告、砸品牌，就是确保自己在第一集团，并确保自己和第二集团差距的方法。“因为市场竞争很激烈，所以你需要花钱打广告，如果没有广告，你在第一阶段就落后了。该打广告的时候必须打广告。” 　　瓜子二手车CEO杨浩勇称：“如果通过烧钱，可以把我们与竞争对手的市场占有率比例，拉到8比2，我觉得可以试。而且拉大到那个程度的时候，还有下一轮的资金能够支撑。” 　　而这些由广告积累起来的品牌认知度，有多少是转化为了实际的交易量？实际的盈利情况又是如何？ 　　“相比打广告之前，新增车源增长3倍。2015年9月销量5000辆，12月销量一万辆。”杜希勇表示。瓜子二手车方面也称，12月销量在一万辆左右，2016年的年销量应在10万台以上。 　　两家电商均表示，按照每辆车10万元的平均客单价和3%的佣金提成，一辆车的提成为3000元，当交易量扩大到一个月1万台时，已能实现盈亏平衡甚至能盈利。“但算上广告费，肯定是亏的。” 　　如果加上广告成本，即便每年销售额达到20万台，一年的营收则为6亿元，若按瓜子二手车宣布的2016年10亿元的广告费预算，仍难以覆盖。 　　“传统商家看市盈率，互联网企业看‘市梦率’。”对于暂不盈利的二手车C2C电商，有从业者这样打趣道。 　　杨浩勇分析，如今投资人更愿意看到创业者大概什么时候能赚到钱，在未来6个月到一年，能把亏损的速度快速地降下来吗？如果项目业绩改善的速度低于烧钱的速度，那就结束了。 　　“车源不足”是发展大瓶颈 　　烧钱的局面将会持续到什么时候？ 　　在瓜子二手车销售总监黄镇看来，到2016年、2017年，酣战广告的情形就会结束了，那时天下大势已定。“无论C2C、B2C还是B2B……二手车电商的每个类型都会有生存的空间，而且每个类型都会有一两家活下来。” 　　客户也不会仅凭广告就做出买卖二手车的决定，烧钱的广告模式不会一直持续。杜希勇认为，口碑乘以广告，才是二手车电商营销的终极武器。口碑来自良好的服务和信誉。 　　其实，对于所有二手车商来说，最终的目的都是构建一个“生态系统”。“砸了那么多钱，绝对不是冲着交易费去的。而且买卖只是做到这一步，诱惑力和意义不是太大。”黄镇称，大家都是冲着汽车金融、保险、后市场去的。希望用一辆车的交易，黏住车主此后的服务诉求。最终将形成互联网二手车4S店，交易本身不够赚钱，还要提供售后的服务。“用户一年做两次保养，汽车每年要上保险，有40%、50%的客户有贷款的需求，这些都可以产生新的盈利点。” 　　但资深汽车从业者李永军认为，二手车商家来做汽车后市场“这片大草原”只是看起来很美。二手车存在需求跨区域的情况，北京的车卖到山东去了，难道还要回北京去做保养和维修？谈起二手车电商的汽车后市场，还是保险公司或汽车4S店来转型做最有潜力。 　　周鑫认为，“车源不足”是制约二手车行业发展的一大瓶颈。国内整个二手车行业偏向卖方市场，供不应求，车源分布明显集中在一线城市，而且碎片化，所以二手车电商的车况和交易数据不够真实的情况仍存在，有的二手车电商挂出来的低价好车，实际上并不存在。 　　无论如何，二手车市场在中国的发展潜力都不可忽视。中国汽车流通协会预计，到2020 年，中国二手车交易规模将达到2920万辆，新车与二手车交易规模比例将接近1：1。 　　“这是一个万亿级的市场，这样大的市场体量，不会有哪一种模式或哪一个商家吃遍天下。”曹洋表示，其实所有的二手车电商现在是在用合力改变市场现状，谁也抢不走这个市场，只是说让消费者有更多的选择。,负向
5013,65808759,2016-01-04,昆明龙津药业股份有限公司股票2015年12月28日2016年01月01日二级市场表现周简报,,负向
5014,65808760,2016-01-04,二手车电商老板：市场很大 各个模式都有戏,　　在互联网领域，模式之辨从未停止过，对于二手车电商领域同样如此。 　　C2C、B2C、C2B……各种模式层出不穷。而这几种模式的优缺点是什么？哪种模式能取得最后胜利？烧钱砸广告的现象到底会不会引起恶性竞争？就此，《每日经济新闻》记者（以下简称NBD）专访了人人车联合创始人杜希勇。 　　不可能是一种模式垄断 　　NBD：为什么会有那么多互联网创业者会走进二手车市场？ 　　杜希勇：如果你买卖过车、去过二手车交易市场，就会知道这是个缺乏诚信、某种意义上充满欺诈，而且利用信息不对称赚钱的行业。所以20年来，你可能听过很多汽车品牌，但没听说过二手车交易市场的品牌。20年来，这个市场没有人做大做强，没有诞生一个让人赞不绝口的全国性的知名品牌，但这又是一个充满潜力的市场。中国的私家车保有量已经是一点几亿。对标美国市场来看，美国每年的二手车交易量是新车的3倍。中国每年的二手车交易量是新车的1/4、1/5。所以大家普遍认为，随着中国私家车保有量越来越高，换车频率越来越高，中国的二手车市场也会变得像美国一样。 　　NBD：C2C、B2C、C2B等模式在二手车电商领域活跃，您如何评价这几种模式各自的优劣？ 　　杜希勇：我们选择了C2C的模式。定位是中介，某种意义上类似链家在房产交易中的定位。不储备车、不收车，是撮合交易的中介。 　　其实这几种模式各有特点，也各有市场。比如有的用户要求必须迅速出手，亏一两万都无所谓，这时候最好直接找个车商今天就拿到钱，C2B模式明显对他更受用。一个数万亿的市场，不可能是某一个企业、某一种模式垄断。比较轻的消费领域，市场集中度就比较高，比较重的消费领域，就很难达到那么高。 　　未来5年交易量将倍增 　　NBD：有人认为在C2C的二手车电商平台上，为了3%的佣金多赚点，往往会提高所评估的车辆价格。您怎么看待这一说法？ 　　杜希勇：如果车主把车卖给4S店或黄牛，残值本来就会被拉得很低。因为原先的二手车交易链条是从车商到另一个车商，中间倒几道手，最后卖给一个买家。中间有20%~30%的差价空间。 　　C2C挤掉了中间环节，不仅能让卖家多赚点，也能让买家少花点钱，这本是这个模式的天然优势。 　　此外，虽然现在二手车市场已经开始蓬勃发展了，但其实它仍是卖方市场或偏卖方市场，供给相对不足。所以这时候估值偏高也是正常的。 　　NBD：二手车市场何时能从“卖方市场”变为“买方市场”呢？ 　　杜希勇：到2020年，中国二手车交易量将超过2000万辆，与新车销量基本持平。也就是说，未来5年，二手车交易量将在现有规模上实现倍增。 　　目前中国消费者换车周期平均6.2年。2009年是中国乘用车市场暴增的一年，销量增幅近50%，新车销量首次超过1000万辆。按此推算，2015年之后，二手车源紧张将得以部分缓解。 　　NBD：大量二手车电商豪掷重金请明星代言、在黄金时段打广告等品牌营销，您觉得会否引起恶性竞争？ 　　杜希勇：首先要明确什么是恶性竞争，如果这个竞争对消费者有好处，就不是恶性竞争。那些没有竞争力的，会被淘汰掉的企业，才会觉得这是恶性竞争。现在二手车电商的竞争，只是比较激烈，而不是恶性竞争。二手车电商和汽车后市场，最近遇到资本寒冬，不断有创业公司倒下。倒下的企业会觉得是因为恶性竞争导致的，但其实这是借口，倒下是因为你不具有竞争力、你的成绩没有符合预期。,正向
5015,65808762,2016-01-04,成都运达科技股份有限公司股票2015年12月28日2016年01月01日二级市场表现周简报,,负向
5016,65808763,2016-01-04,湖北菲利华石英玻璃股份有限公司股票2015年12月28日2016年01月01日二级市场表现周简报,,负向
5017,65808764,2016-01-04,陕西黑猫焦化股份有限公司股票2015年12月28日2016年01月01日二级市场表现周简报,,负向
5018,65808765,2016-01-04,传统二手车老板：险企和4S店做电商更有机会,　　“我一听那二手车的广告，就不乐意了。”传统二手车老板李永军（化名）对《每日经济新闻》记者表示，“个人车主直接卖给个人车主，不让中间商赚差价，这不是要革我们的命吗？” 　　李永军想不通，自己开店做二手车交易生意已经7、8年了，怎么被互联网电商说得如此不堪呢？“互联网电商觉得我们都在坑人，说我们是脏乱差的‘地沟油’行业。我承认确实有不诚信的。但坑一两笔就算了，一个生意坑了20年，还能存在吗？我这家店开了7、8年，店面也在那。我要是个骗子，能一直干下去吗？我们线下商城也是需要口碑的呀。” 　　而当听到“二手车行业是暴利”时，李永军就更不舒服了。“我收车花了10万元，11万卖出去。帮买主把车从北京开到河北，花了油钱，有小毛病的修了，洗得干干净净的。多卖一万，没问题啊，这是有附加值在里面的。” 　　在李永军看来，传统二手车行业并不是暴利。“汽车后市场都是苦活，30%毛利，10%净利润就已经很不错了。反倒是二手车电商的C2C平台，提供信息，撮合一下，就赚提成走，这在我看来才是暴利。” 　　不过对于“互联网+”带来的影响，李永军也有自己的思考。“如果真要触网，恐怕保险机构和4S店转型做电商，更有机会。因为他们掌握最核心的车况数据。这个车有没有出过大事故、维修情况怎么样，是4S店和保险公司最清楚的。” 　　随着国内汽车保有量的持续增长和人们消费观念的转变，李永军也感受到了行业的拐点。 　　“为什么这么多年都没有一个二手车售卖市场的品牌呢？这和行业发展的水平相关，因为之前中国没那么多私家车，量没那么大。就说10年前，大部分轿车都还是公车，而且整个市场还是以新车市场为主。”李永军分析，当车辆发展到一定的量级。就会发现，市场必须要消化这些二手车，有的车开到4、5年就想换一台，但车的使用寿命又需要来交易。 　　“二手车市场进入了活跃期，大家都看好这个前景，但电商的介入对传统二手车经销商来说是一个巨大的考验。”中国汽车流通协会副秘书长罗磊曾对媒体表示，如何在这个过程中转变理念、思路，对传统二手车经销商来说非常关键。 　　虽然传统二手车经销商在竞争压力下都有自己的担忧，但对二手车电商平台来说，与传统经销商争夺市场也并不容易。目前二手车电商仍处于起步阶段，而且车源仍供不应求，电商平台还要依靠传统二手车商、4S店等收购车源，以及通过传统二手车市场获取最新的动态信息。此外，大量二手车电商平台的涌入，也会导致其中一部分在市场竞争中被淘汰。,负向
5019,65808767,2016-01-04,浙江迦南科技股份有限公司股票2015年12月28日2016年01月01日二级市场表现周简报,,负向
5020,65808768,2016-01-04,过去11年有9年应验 A股神奇规律可预判大牛市,　　远在大洋彼岸的美国华尔街一直盛传着“一月效应”说法，即每年1月份的股市表现，可以预示全年行情：1月涨则全年涨，1月跌则全年跌。 　　这个规律在A股市场是否应验？《每日经济新闻》记者统计发现，关注这个先行指标，非常有价值！不过比这个指标能更精准预测市场的是张道达投资手记，该栏目开栏至今已有近20年。2015年6月股灾前，张道达已持续一个月看空股市；11月27日早晨，张道达提示“警惕黑色星期五”，之后大盘大跌两百点。现在，只要您关注微信公众号“每经投资宝”，就可以提前一天收看张道达先生的最新观点，每晚9点，不见不散！ 　　首日涨跌可预测首周涨跌 　　记者将深证综指（399106）自2000年以来的首日涨跌幅和首周涨跌幅数据进行了对照（表1）后发现，在这16年间，仅有2004年以及2013年不一致，其余时间，深综指首日涨跌方向与首周涨跌方向均一致，一致率高达87.5%。也就是说，2016年首个交易日涨，那么第一周也有87.5%的概率跟随收出周阳线。 　　再说得通俗点，今天的股市如果涨，那么本周做多盈利的机会就很大，如果今天跌，那么最好短线减仓。 　　首日涨跌可预测首月涨跌 　　是不是首日涨跌只能预测首周涨跌呢？记者发现，首日涨跌同样可以预测首月涨跌。只要知道了股市第一天的涨跌，就再也不用担心看不准首月涨跌了。 　　数据显示（表2），2000年~2015年，16年间共有5年出现过首日、首月涨跌情况不一致的现象，其余11年首日、首月的涨跌情况均一致，一致概率为69%。 　　特别需要指出的是，这一规律在最近几年的成功率更高，4年中有3年是准确的，准确率高达75%。而不合规律的2013年，也是微跌对应中阳，四舍五入的话算是平盘，也不为大错，结论是此规律有参考价值。 　　首周涨跌预示首月涨跌 　　如果各位看官达人看了神奇的第一天还不过瘾，别急，还有神奇的一周。 　　根据记者的统计（表3），深证综指第一周的涨跌情况与第一月的涨跌情况高度一致，这一现象在最近几年则更加显著。如2005~2015年11年间，周、月涨跌不一致的现象仅发生过2次，周、月涨跌一致率高达82%。 　　月涨跌可以推测年涨跌 　　看到这里，不少投资者可能要发问了：首日行情这么神，能不能预测一年的行情呢？ 　　记者只能说，用一天行情预测一年太难了，不过有件海外舶来的“神器”可以一解疑惑，这就是在华尔街盛传的“一月效应”。 　　“一月效应”据传诞生于美国华尔街，是由一位华尔街的分析师率先提出的。“一月效应”是说，如果每年的第一个月大盘指数是上涨的，则这一年的大盘指数将上涨；如果每年的第一个月大盘指数是下跌的，则这一年的大盘指数将下跌。据说，一月效应运用于美国股市的成功率颇高。 　　那么“一月效应”运用于A股准不准？ 　　记者统计2000年~2015年深证综指首月的涨跌幅和其当年的涨跌幅数据（表4）显示，在16年间仅4年（2003年、2004年、2010年、2012年）出现了不一致，其余12年均存在“一月效应”，成功率为75%。 　　因此，投资者可要高度关注深证综指1月的涨跌情况，因为这关系到大家今年的红包情况。 　　方向重要，幅度更重要 　　不少投资者可能还有疑问，光提示涨跌方向还不够，如果要有涨跌幅度之类的预判才好啊！ 　　还是看数据（表5）所示，2000年时，首月上涨16.78%，当年涨幅58.07%；2006年首月上涨10.18%，当年指数上涨97.53%；2007年的首月上涨19.06%，当年指数上涨162.81%。同样的2008年首月下跌9.38%，当年下跌61.76%。 　　自2000年起，首月涨跌幅超过6%共有13次，其中有11次的年度涨跌幅均超过10%，最大的达到了162%。不难看出首月幅度大概率决定了年内涨跌幅度的大小。 　　再简单点说，就是首月一旦出现超过10%的涨幅，那么恭喜你，很可能是碰上大牛市了，不要再为了蝇头小利而丢了翻倍股哟！ 　　作为一个崇尚“开门红”的市场，A股也存在开门红的倾向。数据显示，在过去16年中，投资者有62.5%的概率会碰到开门红。因此，各位投资者或许应该多多留心今年的首日行情。,正向
5021,65808770,2016-01-04,A股熔断机制元旦后首个交易日生效,　　A股的熔断机制将在元旦后正式实施。 　　近期，《每日经济新闻》记者从上证所官网获悉，上证所和中国结算上海分公司于2016年1月1日安排通关测试。测试内容包括新股发行改革网上IPO通关测试、指数熔断通关测试、Fast行情提速全网测试及Show2003行情降速通关测试。 　　测试完成后，IPO发行改革、指数熔断、Show2003降速相关变更将正式上线，并于2016年1月4日（2016年首个交易日）起正式生效。 　　此前，交易所相关人士表示，实施指数熔断机制是进一步完善我国证券期货市场交易机制，维护市场秩序，保护投资者权益，促进资本市场长期稳定健康发展的一项重要制度安排。 　　触发熔断将暂停交易 　　具体规则上，2015年12月4日，上证所、深交所和中金所正式发布指数熔断相关规定（以下简称《规定》），同时下发《指数熔断机制业务问答》；相比征求意见稿，上述文件显示，三家交易所将触发5%熔断阈值暂停交易30分钟缩短至15分钟，但保留了尾盘阶段（自14：45始）触发5%或全天任何时候触发7%暂停交易至收市的安排。 　　据《每日经济新闻记者》了解，触发熔断时，股票及股票相关品种的竞价交易均暂停，新股发行、配股、投票等非交易业务可以正常申报，若指数熔断持续至15：00，相关证券当日不进行大宗交易。 　　中金所也将暂停股指期货所有产品交易（包括沪深300、中证500和上证50股指期货），但国债期货交易正常进行。 　　谈及与现有涨跌停板制度的衔接。相关规定显示，经研究，指数熔断机制与涨跌停板制度的性质相同，都属于短期价格稳定措施。但两种制度在作用对象、作用原理等方面存在一定差异。 　　涨跌停板制度规定了单只证券交易价格波动幅度，主要防范单只证券价格的剧烈波动，证券在涨跌停板的价格上仍然可以交易；指数熔断机制是在市场基准指数波动超过一定幅度时，暂停整个市场交易一段时间，防止市场过度反应。 　　上述《规定》指出，从2015年股市异常波动的情况看，涨跌停板制度在极端情况下不足以发挥稳定市场的作用，引入指数熔断机制的必要性显得比较突出。此外，涨跌停板制度是我国证券市场基础性制度安排，放宽或取消涨跌幅限制度会影响结算风险管理制度、杠杆类业务风控措施、市场监察指标等现行制度安排，对投资者的交易习惯影响也比较大，短期内难以实施。 　　7月盘中多次触及熔断阈值 　　“从境外经验看，熔断机制的引入不是一步到位的理想化过程，也没有统一的做法，而是在实践中逐步探索、积累经验、动态调整。”证监会新闻发言人邓舸在12月4日表示，比如，美国市场1987年发生股灾后引入指数熔断机制，后续调整过熔断阈值、暂停交易的时间；2010年发生“闪电崩盘”后引入个股熔断机制。 　　韩国市场在保留已有涨跌幅制度的情况下，在1997年发生金融危机后，先后引入指数熔断机制和个股熔断机制；由于触发次数较多，于2015年修订了指数熔断机制、涨跌幅限制。 　　平安证券相关人士指出，熔断机制作为非常规的制止股价异常波动的手段，使用的次数并不高。美国从1988年实行熔断机制至今，只有1997年10月27日实行了一次熔断机制。而韩国只在2000年4月17日、2000年9月18日和2001年9月12日分别实行了3次熔断机制。 　　从A股情况来看，据平安证券的统计，A股市场自2014年开始，截至2015年10月末，沪深300触发5%或7%熔断阈值的25个交易日。其中，触发5%的有14天，上涨3天，下跌11天。触发7%的有11天，上涨3天，下跌8天。 　　在2015年7月，触发5%熔断阈值交易日占7月所有交易日的21.74%，触发7%熔断阈值的交易日占7月所有交易日的26.09%。若按目前的熔断新规推算，沪深300指数在2015年7月平均每两天触发一次熔断机制，每四天要暂停一天交易。 　　据《每日经济新闻》记者观察，如果按照盘中实际涨跌幅超过5%来计算，2015年7月沪深300指数就有10个交易日盘中触及熔断阀值。 　　随着熔断机制渐行渐近，公募基金行业也正跟随调整。上证所2015年12月31日公告称，按照基金合同约定的基金申赎业务的开放时间与交易时间保持一致的原则，“上证所市场实施指数熔断期间，本所场内股票类基金的申购赎回业务同步暂停。本所上证基金通相关业务也同步暂停。”,中性
5022,65808772,2016-01-04,葵花药业集团股份有限公司股票2015年12月28日2016年01月01日二级市场表现周简报,,负向
5023,65808773,2016-01-04,中文在线数字出版集团股份有限公司股票2015年12月28日2016年01月01日二级市场表现周简报,,负向
5024,65808774,2016-01-04,苏州苏试试验仪器股份有限公司股票2015年12月28日2016年01月01日二级市场表现周简报,,负向
5025,65808775,2016-01-04,北京昆仑万维科技股份有限公司股票2015年12月28日2016年01月01日二级市场表现周简报,,负向
5026,65808776,2016-01-04,期指交易时间同步A股 看尾盘猜走势将成历史,　　随着指数熔断机制的推出，股指期货也作出了相应调整。据中金所官方发布，自2016年1月1日起，股指期货市场也将迎来熔断以及调整交易时间等新政。值得注意的是，由于此次新政将股指期货的交易时间与股票交易时间同步，这势必将影响期指市场投资者的操作习惯，那种看尾盘猜第二天走势的做法，将一去不返。 　　期指新政5大要点 　　新年新气象，就在2015年12月31日收盘之后，股指期货市场迎来新政。 　　据中金所官方微博于2015年12月31日17点45分发布，股指期货将同样引入熔断制度。据中金所介绍，指数熔断制度于2016年1月1日起正式实施。引入指数熔断机制，为市场在大幅波动时提供“冷静期”，有助于市场稳定，维护市场秩序，保护投资者权益，促进资本市场的长期稳定健康发展。中金所也配套发布《中国金融期货交易所交易规则》修订版及相关实施细则，涉及5大要点。 　　其一，熔断基准是沪深300指数，阈值为5%、7%。据悉，股指期货与股票市场的熔断机制都将以沪深300指数作为熔断的基准指数，并设置5%、7%两档指数熔断阈值，涨跌都会熔断。在基准指数触发5%熔断阈值时，暂停交易12分钟，熔断结束前进行3分钟集合竞价，之后继续当日交易；而在14：45及之后触发5%熔断阈值，以及全天任何时段触发7%熔断阈值的，将暂停交易至收市。 　　其二，股指期货价格波动限制相应调整。股指期货每日价格最大波动限制（即每日价格涨跌停板幅度）为上一交易日结算价的±7%。基准指数较前一交易日收盘上涨或者下跌未达到5%的，股指期货的价格波动限制为上一交易日结算价的±5%。 　　其三，股指期货交易时间调整为与股票交易时间一致。为保障期、现货市场熔断制度的一致性，调整股指期货开收市时间，即集合竞价时间为每个交易日的9：25~9：30，其中9：25~ 9：29为指令申报时间，9：29~9：30为指令撮合时间；连续竞价交易时间为每个交易日的9：30~11：30和13：00~ 15：00。 　　其四，股指期货熔断不影响国债期货。在产品范围方面，在触发熔断时，股指期货所有产品将同步暂停交易（包括沪深300、中证500和上证50股指期货），但国债期货交易正常进行。 　　其五，股指期货交割日下午开盘后不实施熔断制度。目前境内股指期货的交割结算价以现货标的指数交割日最后两个小时算术平均价格计算，为保证股指期货正常交割，指数熔断在股指期货交割日下午13：00开市后不再实施，具体包括两种情形：一是13：00至15：00期间不再实施指数熔断；二是上午实施的指数熔断最迟在下午13：00起恢复交易。 　　中金所称，在触发指数熔断时，交易所将在网站发布相关公告，告知熔断恢复交易或暂停交易的时间，投资者需要密切关注交易所网站发布的信息，以便做好相应的业务准备。 　　操作习惯受影响 　　《每日经济新闻》记者注意到，股指期货的配套新政，可能会影响到投资者以往的操作习惯，尤其是“股指期货交易时间调整为与股票交易时间一致”这一项。对股指期货有所了解的投资者都知道，在新政之前，股指期货下午要运行到3点15分，而多出来的15分钟股指期货如何走，往往会对市场的心理产生一定的影响，尤其是在2015年年中非理性下跌的时段里。 　　例如，2015年7月13日，中证500期指主力合约以及其他中证合约在下午3点的时候还处于升水状态，3点~3点15分钟这段时间里却出现了跳水，当时瞬间回落幅度最大的是1509合约，下跌幅度达到17.08%。7月14日，沪深300指数结束5连阳，当天下跌2.37%，7月15日，中证500指数更是大幅下挫5.77%。 　　可见，期指尾盘15分钟确能起到影响市场情绪的作用，尤其是在非常时期。在新的一年里，将股指期货交易时间调整为与股票交易时间一致之后，毫无疑问，这种看尾盘猜第二天走势的做法将一去不返。未来期指将进入怎样的新平衡，我们拭目以待。,中性
5027,65808778,2016-01-04,福建龙马环卫装备股份有限公司股票2015年12月28日2016年01月01日二级市场表现周简报,,负向
5028,65808781,2016-01-04,重庆再升科技股份有限公司股票2015年12月28日2016年01月01日二级市场表现周简报,,负向
5029,65808782,2016-01-04,康达尔拒不披露股东股权变更公告 深交所连发关注函,　　在2015年的最后一个交易日里，林志、京基集团披露，林志拟将其通过“林志”、“陈浩南”等10个股票账户持有的康达尔（000048，收盘价36.40元）股份转让予京基集团。同时，通过12月的增持，林志、京基集团及其一致行动人对康达尔的持股比例已经上升到29.68%。 　　然而，这封字里行间并无多少火药味的权益变动报告书背后却大有玄机——甚至直接引出了深交所2016年首封关注函。在关注函中，深交所提到京基集团曾要求康达尔披露上述事项，但上市公司拒不披露。而京基集团不仅向深交所公司部投诉，更是自行联系指定信息披露媒体发布公告。 　　显然，康达尔股权争夺双方的火药味变得异常浓厚。 　　京基集团大举增持 　　2015年12月31日晚间，康达尔发布权益变动报告书，披露林志、陈浩南、凌建兴等与京基集团在12月29日签署了《股份转让协议》，约定将其股票账户名下的共计6358.24万股康达尔股份转让方式转让给京基集团，上述股份占康达尔总股本的16.27%。 　　值得注意的是，陈浩南、凌建兴等账户正是此前林志增持康达尔股份时使用的股票账户。 　　除此之外，京基集团还在继续增持康达尔股份。根据公告，2015年12月期间，京基集团通过深交所交易系统买入康达尔股份1930.55万股，占康达尔总股本的比例为4.94%，京基集团本次增持的价格区间为32.501元/股～43.008元/股。 　　在康达尔2015年12月8日复牌后，公司股价一直飙升，在不到10个交易日里从停牌前的24元左右一度猛涨至45.89元，涨幅接近90%，在沪深两市众多个股中出尽风头。 　　《每日经济新闻》记者注意到，通过增持、股份转让等，林志、京基集团及其一致行动人对康达尔的持股比例已经上升到29.68%。而上市公司的大股东深圳市华超投资集团有限公司及其一致行动人对康达尔的持股比例合计为31.66%。 　　如此算来，二者的持股比例差距已不足2个百分点，而京基集团及其一致行动人则在公告里提及“不排除未来12个月内继续增持其所持有的康达尔股份的可能。”无疑，这为康达尔股权争夺又添悬念。 　　康达尔连收关注函 　　这份权益变动报告书与沪深两市其他权益变动书相比并无多少特别之处。不过，《每日经济新闻》记者注意到，这份权益变动报告书却引来深交所公司部2016年新年里的首份关注函。 　　2016年1月2日，深交所公司部接连向康达尔、京基集团发出2封关注函，再次将康达尔与京基集团及其一致行动人之间的“暗流涌动”摆上台面。 　　深交所在关注函中提到，京基集团向深交所公司部投诉反映，京基集团在2015年12月30日将其拟受让林志等人康达尔股份的事项通过邮件通知康达尔，要求上市公司及时履行信息披露义务，并派员多次到康达尔公司办公现场报送信息披露申请文件原件材料。不过，康达尔却拒绝接收。 　　同时，深交所公司部多次联系康达尔信息披露事务部门工作人员询问相关情况，“但你公司工作人员均未接听我部电话。” 　　最后，在12月31日晚间，京基集团自行联系指定信息披露媒体上网披露了详式权益变动报告书。 　　从上述关注函中能明显看出上市公司和京基集团等之间的火药味：在经历了处罚、举报和起诉等一系列过招之后，康达尔这场股权争夺战的战火比以往更浓烈一些。 　　值得注意的是，深交所要求“不披露公告”的康达尔和“自行披露公告”的京基集团核实并说明相关情况。同时要求双方将专项说明和相关证明文件于1月5日前书面回复、报送深交所。 　　不过，《每日经济新闻》记者注意到，不到一周时间内，这已是深交所第二次就康达尔有关事宜发出关注函。就在2015年12月28日，深交所曾要求京基集团及林志就公司是否存在借用自然人证券账户的情形等问题在12月30日前将核实情况书面回复深交所并进行披露。截至2016年1月2日，深交所仍未得到其回复。,负向
5030,65808784,2016-01-04,广州鹏辉能源科技股份有限公司股票2015年12月28日2016年01月01日二级市场表现周简报,,负向
5031,65808785,2016-01-04,普莱柯生物工程股份有限公司股票2015年12月28日2016年01月01日二级市场表现周简报,,负向
5032,65808786,2016-01-04,中铝系强势整合四川稀土 盛和资源成急先锋,　　在中铝、江铜胶着对垒之下，四川稀土资源整合迎来变局：中铝系开始加码。 　　2015年12月31日，盛和资源（600392，收盘价12.31元）发布公告称，公司与参股子公司中铝四川稀土有限公司（以下简称中铝四川）合计斥资约9600万元，通过增资形式控制冕宁县冕里稀土选矿有限责任公司（以下简称冕里稀土）51%股权。 　　值得注意的是，中铝集团旗下中国稀有稀土公司（以下简称中国稀土）自2014年初与盛和资源“结盟”，中铝系与江铜集团在四川的稀土整合上直接对垒。而此次收购意味着中铝方面在四川的资源整合进入实质性阶段。 　　9600万入主“瑕疵”矿山 　　2015年12月31日，盛和资源公告披露，拟以货币资金6776.48万元收购冕里稀土42.353%股权。 　　同时中铝四川拟以货币资金2823.68万元认缴冕里稀土15.001%的股权，中铝四川增资完成后，盛和资源占比为36%。 　　收购完成后，中铝系两家公司将合计持有冕里稀土51%股权，控股该公司。冕里稀土的主要资产是位于冕宁县的羊房沟稀土矿采矿权和采选厂，其矿山设计利用资源量为477.25万吨，采矿规模为2.5万吨/年，选厂的处理能力可达20万吨/年。 　　截至2014年12月31日，冕里稀土资产总额为14024.57万元，账面净资产为7751.90万元，评估值为1.677亿元，增值率为116.37%。而2014年，冕里稀土净利润为944.84万元，2013年净利润仅为0.97万元。 　　《每日经济新闻》记者注意到，冕里稀土虽然拥有颇为稀缺的稀土矿资源，但其可谓“瑕疵”资产。盛和资源公告显示，冕里稀土2015年初曾被税务部门处罚，而且与超过100名工人未签订劳动合同，也未按照法律规定缴纳任何社会保险费用。 　　此外，冕里稀土目前“尚需取得环保准入、行业准入及排污许可证”。其实国家早已对稀土矿山实行环保准入和行业准入制度，环保准入由环保部批准，稀土行业准入由工信部批准。 　　对此，盛和资源称冕里稀土目前正在积极申请行业准入并已经于2011年底完成《环境影响报告书》的评审工作。未来是否会因环保和行业准入问题影响企业持续经营，存在不确定性。 　　虽然没有准入许可，但冕里稀土的生产似乎暂时未受影响。国土资源部每年度都会下达稀土矿开采总量控制指标，而四川的开采指标由当地政府分配，冕里稀土2014年获得的稀土矿开采指标为2300吨。 　　中铝系欲补上游短板 　　冕里稀土虽有诸多瑕疵，却并未能阻挡中铝系在四川的资源整合步伐。 　　《每日经济新闻》记者注意到，中铝集团是国务院确定的稀土整合六大集团之一。中国稀土在江苏、广西、广东、四川、江西、山东等多个地区，拥有多家轻、中、重稀土矿资源、冶炼分离和下游深加工业务。而上游矿山资源一直是中铝在稀土战略上的“软肋”。 　　四川省的稀土储量位居全国第二，拥有全国第二大和第三大的冕宁牦牛坪稀土矿和德昌大陆槽稀土矿。江铜集团早在2008年就与四川地方国资合资成立四川江铜稀土，并控制了牦牛坪稀土矿，2015年初还联手赣州稀土，成立了南方稀土集团。 　　稀土矿产资源也一直是盛和资源的短板。2012年底，公司托管了大陆槽稀土矿所属企业之后有所改观，但托管期限只有5年。盛和资源在公告中坦言，“托管到期后能否顺利延续存在不确定性。本次股权收购的完成，对延伸公司产业链，为公司的原料供应提供了必要的保障。” 　　稀土矿山目前已经是稀缺性资源。国土资源部自2012年颁发稀土探矿权采矿权名单后，始终对新采矿权证严格管控。全国的几十个稀土采矿权证中，赣州稀土占去大半江山。 　　对在资源整合中缺乏上游矿山的中铝方面来说，冕里稀土显然颇具吸引力。资质瑕疵对中铝集团的背景来说，似乎已经不是问题。盛和资源公告称，为应对此风险，收购方进入后，与冕里稀土现有股东一起，借助中铝稀土大集团的政策优势，积极申请环保准入和稀土行业准入。 　　有业内人士分析称，冕里稀土行业准入只是尚未取得而已，被中铝方面收购后会有的。 　　值得注意的是，2015年3月，一位四川相关部门官员曾在接受记者采访时透露，因为四川的资源比较有优势，中铝和江铜两家都想参与四川稀土整合，但是还要比技术、比实力，有技术才能把产业链做长久，不只是做资源，只做资源是不受欢迎的。 　　昨日，记者多次拨打盛和资源董秘办电话，但未能接通。,中性
5033,65808788,2016-01-04,南通科技携手中航制造所打造军品基地 后继存资产整合预期,　　2015年11月底，南通科技（600862，收盘价19.89元）完成重大资产重组，中航高科成为公司控股股东。重组方案显示，南通科技原有的机床业务将改造升级为数控机床及航空专用装备业务。未来，公司将成为“航空新材料业务、数控机床及航空专用装备业务”双主业共同发展的上市公司。 　　2015年12月30日、31日，南通科技连续公告公司与中航工业制造所的合作事项。 　　强化加工制造能力 　　双方签署的协议显示，中航工业制造所同意优先将南通科技作为加工制造任务的外协供应商；南通科技同意承接中航工业制造所及航空工业内其他单位委托的航空零部件及配套产品的加工制造业务，逐步发展成为中航工业制造所军品业务的加工制造基地。 　　一位行业研究人士向《每日经济新闻》记者表示，中航制造所下面有很多有关军工制造的业务，南通科技则有机床业务，两者会形成协同效应。“至于合作中的外协加工，因为制造所主要优势在研发能力，而加工能力有限，所以制造所要做加工设备的话肯定是要委托其他企业去做。” 　　据了解，制造所是专门从事航空与国防先进制造技术研究与专用装备开发的综合性研究所，主要从事以航空武器装备制造技术为主的基础研究、技术攻关和专用装备研制，为我国新型飞机、发动机研制和航空工厂的技术改造提供了大量先进制造技术和工艺装备。 　　数据显示，截至2014年底，制造所资产总额为28.6亿元，净资产为10.88亿元，2014年实现净利润5893.82万元。 　　而南通科技原有机床业务因市场需求疲软并不理想。《每日经济新闻》记者梳理后发现，2015上半年，公司机床产、销量分别为284台和403台，分别同比下降54.31%和49.18%。另外，同期公司机械行业营业收入为6856万元、营业成本为9259万元，毛利率为-35.04%，已经处于亏损状态。 　　南通科技公告表示，战略合作成功后，在制造所的技术支持下可以促进数控机床向航空专用装备、智能制造等高端装备制造业务发展，推动公司机床业务的转型升级和产品的更新换代，从而实现机床主业扭亏增盈。 　　“由于制造所主要是为航空航天设备服务，这一业务属于专用设备，虽然制造所每年收入规模在十几亿元左右，但是肯定不会像其他通用设备有那么大的规模。”不过，上述研究人士也告诉记者，如果以后这些专用设备在别的领域能有所应用的话，特别是军转民方面，目前的规模还有机会继续扩大。 　　优先支持南通科技 　　《每日经济新闻》记者注意到，在南通科技与制造所签署的协议中，南通科技同意承接制造所高端数控机床业务领域的加工制造和装配业务。另外，双方均同意不在数控机床业务领域产生同业竞争，优先支持南通科技机床业务的发展。 　　此外，协议还显示，制造所和南通科技均同意积极探索并加快实施南通科技机床业务委托中航工业制造所经营管理的相关工作，并且原则上该工作应在2016年完成。 　　“根据公告内容，基本上可以理解为未来制造所负责机床制造，而南通科技负责机床加工，两者分业务经营，也避免了同业竞争。”一位关注该公司的券商分析人士认为，协议规定的内容是指南通科技将上游的机床制造业务交由制造所去管理，公司则保留机床加工业务，这两项业务基本上是上下游的关系，这样的安排也保留了未来在资产整合过程中把机床制造优先整合入上市公司的可能性。 　　对于为何会有这种安排，该券商人士认为主要与两者的体制不同有关。“制造所与南通科技一个是研究所体制，一个是企业体制，南通科技产能会比较大，但是制造所就不同，同时制造机床不需要很大的产能，但是用机床加工制造零部件时对产能的需求则比较大。” 　　另外，记者注意到2012年12月25日，中航工业下发的《关于由中航高科技发展有限公司对中国航空综合技术研究所等十家单位实施管理的批复》的文件，同意中航高科对制造所、航材院等十家单位实施管理。 　　上述研究人士表示，南通科技大股东中航高科托管十家研究所的情况类似于中航工业旗下中航机电及中航电子对集团内相关单位进行托管的模式，从此次南通科技与制造所率先展开合作来看，未来也存在资产注入的预期。 　　中信建投在南通科技重组方案点评中也指出，中航高科和航材院收入和净利润规模较大，它们旗下除了上述注入的三个公司之外，仍有大量资产，南通科技未来作为中航工业体系内专业从事航空新材料业务、数控机床及航空专用装备业务的资本运作和产业整合平台，有望获注更多资产。,正向
5034,65808790,2016-01-04,浙江金海环境技术股份有限公司股票2015年12月28日2016年01月01日二级市场表现周简报,,负向
5035,65808793,2016-01-04,华懋(厦门)新材料科技股份有限公司股票2015年12月28日2016年01月01日二级市场表现周简报,,负向
5036,65808791,2016-01-04,高升控股拟11.5亿并购莹悦网络 复牌涨停,　　2015年4月通过收购高升科技100%股权并处置原有经营性资产，实现主营业务华丽转型的高升控股（000971，收盘价26.39元），从此前的毛纺业务直接转身为当下火热的网络服务业。 　　2015年12月31日，高升科技发布了《高升控股股份有限公司发行股份及支付现金购买资产并募集配套资金预案》（修订稿）。高升控股拟发行股份及支付现金，合计作价不超过11.5亿元收购两名自然人持有的莹悦网络100%股权，同时非公开发行股份募集配套资金不超过11.5亿元。公司股票同日复牌，而复牌当日即收获一个“一”字涨停。 　　11.5亿收购莹悦网络 　　预案修订稿显示，截至本预案签署日，标的资产以2015年12月31日为评估基准日的评估工作尚未完成。 　　经初步评估，截至预估基准日2015年6月30日，莹悦网络100%股权的预估值为11.53亿元。标的资产的交易价格不超过11.5亿元，最终交易价格以上市公司聘请的有证券业务资质的评估机构出具的《资产评估报告》的评估结果为依据，由双方协商确定。预案修订稿在测算本次购买资产发行股份数量、支付现金对价及配套募集资金时，均暂以该数据为基准。 　　而此前的预案显示，高升控股拟以19.58元/股非公开发行3319.71万股，并支付现金5亿元，合计作价11.5亿元收购两名自然人持有的莹悦网络100%股权；同时拟以不低于19.58元/股非公开发行募集配套资金不超过11.5亿元。 　　工商资料显示，莹悦网络是全国首屈一指的虚拟专用网络提供商，在全国骨干城市建成的业务站点有75个，可提供月销售容量达11TB。 　　目前，莹悦网络主营业务包括虚拟专用网服务和其他增值服务，涵盖了基于虚拟专用网服务等业务基础上衍生的用户端设备代维、用户端设备管理、网络管理服务等，收购后将进一步提升公司现有业务并新增数据传输业务。 　　业绩承诺显示，莹悦网络2016~ 2018年度的净利润分别不低于6000万元、7000万元和9000万元。 　　将开启公司产业链整合 　　公告显示，目前莹悦网络在手订单充足，未来计划新增147个业务节点，进一步提升公司业绩。从客户行业分布来看，莹悦网络在广电行业、IDC与CDN行业、大型互联网公司、ISP行业等带宽需求量和增长量较大的行业中处于国内同行业的领先地位。 　　同时，莹悦网络已经签订的销售合同（含意向性合同）预计在2016年产生的营业收入约8623.62万元，占2016年预测营业收入的71.43%。 　　并购莹悦网络后，高升控股将掌握覆盖全国75个重点城市的骨干网，对高升CDN业务产生重要提升作用。 　　申万宏源研报表示，并购莹悦网络后，对高升控股CDN业务的协同性主要表现在：1、更精准地布局优质CDN节点；2、相当于具备导航作用，CDN服务更加高效；3、能够设置互联网虚拟专用网，满足客户的特殊需求。 　　此外，研报还表示，募集资金投向云安全项目，为CDN业务提供安全保障。实施云安全项目将进一步完善公司云基础服务产品线，提供更安全、更全面的增值服务。云安全项目建设完成后，将为公司增加高防服务器托管、高防服务器租赁、云WAF服务、云DDoS防护服务和智能DNS防护服务五项收入来源。 　　同时，该项目也能为高升控股现有的CDN业务提供网络安全防御，增强现有服务的可靠性，提高公司服务产品的竞争力。 　　对于此次收购事项，券商行业分析师宋昕对《每日经济新闻》记者表示，“首先，莹悦网络承诺业绩快速增长，显著增厚高升控股业绩；其次，莹悦网络属于产业链上游，完成收购后，可实现业务延伸和产品线的丰富；第三，通过莹悦网络的虚拟专用网及DPN打通IDC机房链路，显著提升公司IDC业务竞争力。完成收购后双方市场渠道、网络带宽等资源可实现整合优化，协同效应显著。”,正向
5037,65808794,2016-01-04,中节能风力发电股份有限公司股票2015年12月28日2016年01月01日二级市场表现周简报,,负向
5038,65808795,2016-01-04,勤上光电20亿并购广州龙文 “资不抵债”家教公司卖出了天价,　　勤上光电（002638，收盘价15.32元）今日披露资产购买草案，公司拟以发行股份及支付现金相结合的方式购买杨勇、华夏人寿等持有的广州龙文100%股权。通过上述交易，上市公司将实现半导体照明产品与K12（幼儿园到十二年级）辅导服务的双主业布局。 　　但值得一提的是，《每日经济新闻》记者注意到，截至2015年8月31日，广州龙文合并口径下归属于母公司所有者的权益为负值，但其评估值达20.14亿元，其100%股权交易作价也由此高达20亿元。 　　广州龙文净资产为负 　　据草案所述，广州龙文成立于2011年，注册资本为600万元。股权结构方面，自然人杨勇持股48.27%，为公司第一大股东；华夏人寿持股30%，为公司第二大股东。广州龙文主要销售的产品为1对1辅导课程，兼顾一些其他个性化服务项目。2013~2014年及2015年前8月，咨询服务费收入占公司营收的比例分别为97.89%、97.91%和97.51%。而咨询服务费收入主要是1对1辅导课程收入。 　　截至2015年10月末，广州龙文已在20多个城市设立了462个营业网点，主要集中在北京、上海、杭州、广州等一线城市。公司还开发了“59错题”移动在线教育平台。 　　截至评估基准日（2015年8月31日），广州龙文合并口径下归属于母公司所有者权益账面价值为-0.66亿元，经收益法评估，其股东全部权益价值为20.14亿元，增值20.80亿元。经交易各方友好协商，广州龙文100%股权的交易作价为20亿元。 　　对于广州龙文评估值剧增的缘由，草案中解释为：该公司所属的教育信息咨询服务行业景气度较高、辅导需求旺盛；未来随着我国教育事业深入改革发展以及二孩政策的全面实施，适龄在校中小学生人数将持续保持过亿基数并稳步增加，将为K12辅导行业带来稳定而广泛的市场需求。 　　此次交易，勤上光电将以发行股份及支付现金相结合的方式支付交易对价。其中，上市公司将向杨勇支付现金对价5亿元，剩余交易对价15亿元由公司以发行股份的方式向包括杨勇在内的9名交易对方支付。股份发行价格为14.16元/股，发行数量约为1.06亿股。 　　交易对方承诺，广州龙文2015~ 2018年累计实现的税后净利润不低于5.638亿元。财务数据显示，2013~2014年，该公司营业收入分别为8.53亿元、7.54亿元，净利润分别为1135.29万元、4224.99万元。今年1~8月，公司营收为5.01亿元，净利润高达6885.03万元。 　　华夏人寿倒亏4800万？ 　　勤上光电此番超高溢价并购广州龙文，其股东理应赚得盆满钵满，但华夏人寿似乎是个例外。 　　资料显示，2014年12月，广州龙文股东龙文环球为实施重组上市的需要，将其持有广州龙文90%的出资额对外转让。 　　当时，在附加承诺资产重组和业绩水平等条件下，按照转让价格折算，广州龙文的整体价值为21.6亿元。华夏人寿的出资额高达6.48亿元。但此次其向勤上光电出售广州龙文30%股权的交易对价仅为6亿元。以此计算，华夏人寿对广州龙文的投资，似乎反倒亏损了数千万元。 　　不过，勤上光电此次是以发行股份方式向华夏人寿支付交易对价，华夏人寿将获得勤上光电4237.29万股。以勤上光电停牌前一日股价15.32元计算，这部分股权市值达6.5亿元。此外，有分析人士认为，由于存在补涨以及因布局热门的家教O2O等因素，勤上光电股票复牌后或迎来一波行情，华夏人寿此举看似吃亏实则占了便宜。 　　事实上，华夏人寿还计划加码对勤上光电的持股。 　　为提高重组绩效，勤上光电拟采用定价发行方式向李旭亮、李淑贤、梁惠棠、华夏人寿、黄灼光、华创勤上光电员工成长1号计划非公开发行股份募集配套资金，募资总额不超过18亿元。募资净额将全部用于广州龙文“重点城市新增网点建设项目”“小班化辅导建设项目”等。 　　值得一提的是，上市公司募集配套资金的发行价格为14.16元/股，发行股份数量不超过1.27亿股。其中，华夏人寿拟出资3.6亿元认购2542.37万股。在上述交易完成后，其将合计持有勤上光电6779.66万股，持股比例为11.16%，仅次于持股16.78%的勤上集团，成为公司第二大股东。,中性
5039,65808797,2016-01-04,交易方缺材料致重组失败？赤峰黄金再遭上证所问询,　　在被要求书面回复上证所质疑前夕，赤峰黄金（600988，收盘价11.57元）却突然宣布拟终止收购威海怡和的重组方案。对此，《每日经济新闻》12月30日曾以《实控人突击入股引上证所六问 赤峰黄金宣布终止重组》为题进行报道。近日，赤峰黄金揭开了重组失败的原因，系交易对方短期内无法提供回复上证所问询函所需的部分证明材料。 　　至此，事情看似告一段落，但围绕赤峰黄金重组方案的质疑却远未结束。就在1月1日，上证所再度发出问询函，要求赤峰黄金递交相关的具体证明材料、核查终止重组原因及是否构成违约等。 　　一月连收两封问询函 　　《每日经济新闻》记者注意到，不到一个月时间，赤峰黄金收购威海怡和的重组已经遭遇上证所两次问询。上一次发生在12月23日，上证所从6个方面质疑赤峰黄金的重组预案。在此之后，赤峰黄金突然宣布终止重组。12月30日，赤峰黄金发布公告表示，因收到交易对方关于终止本次交易的通知，公司拟终止本次交易。12月31日，赤峰黄金进一步披露了此次终止重大资产重组的原因，因交易对方短期内无法提供回复上证所问询函所需的部分证明材料，经反复磋商，各方仍未能达成一致，公司董事会决定终止本次重大资产重组。 　　这次，赤峰黄金终止重组理由的可信度成了上证所质疑的一大重点。尽管赤峰黄金突然终止收购威海怡和的具体原因浮出水面，但其解释的可信度仍需进一步证明。根据上市公司1月1日的公告，上证所要求赤峰黄金补充披露交易对方无法提供的具体证明材料及其对应的问询函问题，同时请财务顾问对本次重组的终止原因进行核查并发表意见。 　　除此之外，根据赤峰黄金公告，就在2015年12月10日，赤峰黄金与王建胜等交易对方签订了《威海怡和专用设备制造股份有限公司全体股东与赤峰吉隆黄金矿业股份有限公司关于威海怡和专用设备制造股份有限公司之股权转让协议》、《利润补偿协议》。值得一提的是，上述文件均属于赤峰黄金与威海怡和已签订的协议书。 　　目前，既然赤峰黄金的资产重组已经终止，那已签订的协议书是否仍将生效呢？这也是上证所关注的另一问题。根据问询函内容，上证所要求赤峰黄金披露上述已签订文件的具体生效条件以及本次重大资产重组终止事项是否构成上市公司或交易对方的违约责任。 　　上证所要求赤峰黄金在1月4日之前以书面形式回复并披露相关问题。赤峰黄金表示，公司正在积极协调独立财务顾问准备问询函回复工作，公司股票将继续停牌，待向上证所回复后，公司将申请股票复牌。同时，公司承诺在披露投资者说明会召开情况公告后的6个月内，不再筹划重大资产重组事项。 　　董事长否认利益输送 　　值得一提的是，在12月23日上证所发来的问询函中，上证所曾质疑赤峰黄金关联人是否代持标的股权、交易对方是否存在关联关系等。但上市公司公告中，一直未能明确回复这些问题。不过，12月31日，赤峰黄金董事长赵美光、交易对方代表王建胜等在参与上证e互动“上证e访谈”栏目时，向投资者回应了部分问题。 　　针对股权代持和资产购买的利益输送问题，赵美光明确予以否认。赵美光表示，尽管他持有威海怡和10.71%的股权，但不存在委托他人代持威海怡和股份或接受他人委托代持威海怡和股份的情形，也不存在利益输送问题。为了促进本次交易，赵美光同意承诺本人承担无限连带责任等。 　　至于此次重大资产重组的终止原因，赤峰黄金否认是受上证所问询函的影响。赤峰黄金表示，本次终止重组系交易对方无法提供部分证明材料，导致公司无法按期回复上证所问询函。至于交易对方为何无法提供部分证明材料？赤峰黄金提到，无法提供的部分证明材料与标的财务状况无关，主要原因是相关材料取得时间及能否取得均无法确定。至于是什么证明材料？赤峰黄金回应投资者称，将陆续发布相关公告。 　　同时，赤峰黄金还表示，本次交易尚未通过公司股东大会决议批准，未满足《股权转让协议》生效条件。而这也间接回答了问询函中的一大质疑，即前述已签订文件尚未生效。,负向
5040,65808799,2016-01-04,浙江万盛股份有限公司股票2015年12月28日2016年01月01日二级市场表现周简报,,负向
5041,65808800,2016-01-04,宁波东方电缆股份有限公司股票2015年12月28日2016年01月01日二级市场表现周简报,,负向
5042,65808801,2016-01-04,上海龙韵广告传播股份有限公司股票2015年12月28日2016年01月01日二级市场表现周简报,,负向
5043,65808802,2016-01-04,中金再生恐难“再生”香港联交所决定将其退市,　　联交所2015年12月31日宣布，曾号称中国最大的再生金属资源公司中金再生（00773，HK）进入除牌阶段。中金再生命运如何，2016年1月17日后就将尘埃落定。 　　《每日经济新闻》记者注意到，如果中金再生真的被取消上市地位，那也是一个很自然的结果。因为该公司早在三年前就被停牌，而香港特区高等法院早前也裁决中金再生蓄意欺诈，并将其清盘。 　　本不符合IPO条件 　　就在2015年的最后一天，联交所发出新闻稿称，正在强制清盘中的中金再生进入除牌阶段。 　　在上述新闻稿中，联交所已决定行使根据《上市规则》赋予的权利，取消中金再生的上市地位。联交所上市委员会要求中金再生于今年1月17日前就其不适合上市的事项作出补救，否则联交所可能着手取消该公司的上市地位。 　　此外，联交所对取消中金再生的上市地位也给出了补充说明，称该举措参考了香港特区高等法院的有关裁决，以及中金再生在其招股书上的夸大业绩、利润等行为。值得注意的是，联交所认为中金再生或其业务根本不符合IPO上市资格。 　　除了对中金再生公司的质疑外，联交所还高度关注公司管理层的诚信问题。根据上述法院裁决，中金再生主席秦志威很可能策划及实施了有关该公司的造假计划。而且即使秦志威辞去公司董事，仍极有可能对中金再生营运及管理有重大影响力。 　　联交所上市委员会表示，造假违背上市的一般原则及诚信。中金再生利用造假在不合资格的情况下得以首次上市，也误导投资者依赖招股书及此后数年发布的账目中虚构的财务情况。联交所上市委员会还认为，中金再生管理层的行为一直有违公众股东的利益，使该公司的证券交易不可在有秩序、知情和公平的形式下进行。 　　造假行为触目惊心 　　《每日经济新闻》记者注意到，中金再生的造假最初是因被做空机构Glaucus Research“狙击”而败露的。该做空机构在2013年初通过做空报告抛出六大疑点质疑中金再生，并且给予了其“强烈沽售”评级，而中金再生也在做空报告披露当日开始长期停牌。 　　2013年7月29日，香港证监会向法庭申请颁令将中金再生清盘。而根据香港特区高等法院于2015年3月9日的裁决，中金再生涉嫌造假而得以首次上市，且该公司蓄意欺诈，编制虚假账目严重夸大业务及利润。中金再生在招股章程中严重夸大业绩及利润，吸引投资者认购及购买其股份。而在上市后，中金再生的投资者仍然无法获得评估该公司的必要资料，中金再生仍继续造假，夸大业务及利润。 　　随后在2015年2月26日，香港法官夏利士颁令，根据《公司条例》第32章及《证券及期货条例》第571章的规定，中金再生由香港法院清盘。 　　于2009年6月在联交所挂牌上市的中金再生在其招股书中称，根据中国废钢铁应用协会在其会员当中进行的调查，中金再生为中国最大的再生金属资源公司，公司在2008年收入约65亿港元。中金再生的业务是，向海外及内地供应商购买废钢、废铜及其他金属并使用重型设备及人工将废金属分离为各种金属成分，并制造出在各方面符合公司客户需要的回收金属产品。,负向
5044,65808804,2016-01-04,成都路桥遭第三大股东举牌,　　成都路桥（002628，收盘价7.45元）今日发布公告称，公司第三大股东李勤于2015年12月29日通过集合竞价买入成都路桥100万股，增持后持股比例达到举牌线。 　　公告显示，在本次增持达到5%前，李勤通过竞价交易系统持有成都路桥3600万股，占成都路桥总股本的4.8820%。本次增持比例为0.1356%，在增持后李勤共持有成都路桥5.0176%的股份。在公告中李勤表示，欲通过此次股份增持，拟获取上市公司股权增值带来的投资收益。 　　《每日经济新闻》记者注意到，李勤表示，除本次股份增持外，不排除在未来12个月内增减持成都路桥股份的可能，若未来拟进一步增持和减持股份，本人将严格按照《收购办法》等相关法规规定履行信息披露义务及相应的报告义务。 　　截至本报告书签署日，信息披露义务人李勤没有在境内、境外其他上市公司中拥有权益的股份达到或超过该公司已发行股份5%的情况。,中性
5045,65808806,2016-01-04,浙江盛洋科技股份有限公司股票2015年12月28日2016年01月01日二级市场表现周简报,,负向
5046,65808807,2016-01-04,永兴特种不锈钢股份有限公司股票2015年12月28日2016年01月01日二级市场表现周简报,,负向
5047,65808808,2016-01-04,上海新通联包装股份有限公司股票2015年12月28日2016年01月01日二级市场表现周简报,,负向
5048,65808809,2016-01-04,漳泽电力募29.8亿加码新能源电力,　　漳泽电力（000767，收盘价5.77元）今日发布非公开发行股票预案。预案显示，公司拟发行不超过5.6亿股，募集资金不超过29.8亿元。公司股票今日复牌。 　　以1月4日为定价基准日，此次非公开发行价格不低于定价基准日前20个交易日公司股票交易均价的90%，即不低于5.32元/股。本次发行对象为包括同煤集团在内的不超过10名投资者。 　　假设本次发行5.6亿股，同煤集团认购其中20%，则本次发行完成后，同煤集团所持股份占公司总股本的比例为28.15%，仍为公司控股股东，山西省国资委直接和间接控制公司41.27%的股份，仍为公司实际控制人。 　　漳泽电力本次募资的29.8亿元，将用于以下五个项目： 　　1、绛县陈村富家山风电场一期（100MW）工程项目。该项目投资规模总额为8.5亿元，其中，拟使用募集资金投入6.94亿元。 　　2、新建龙溪镇30兆瓦光伏发电项目。该项目投资总额为2.55亿元，其中，拟以募集资金投入2.42亿元。 　　3、和丰100MWp光伏发电项目。该项目投资总额为8.45亿元，其中，拟使用募集资金投入7.46亿元。 　　4、阿克陶县40兆瓦光伏并网发电项目。该项目总投资为4.05亿元，其中，拟使用募集资金投入4.05亿元。 　　此外，公司拟使用8.93亿元用于补充流动资金。 　　漳泽电力表示，通过本次定增，公司加大了在绿色可持续发展的新能源电力上的建设投入，不仅能提升主营业务领域的产能规模，从根本上增强公司核心竞争力，而且定增完成后能增强公司资本实力，降低公司财务风险。,正向
5049,65808811,2016-01-04,全国首家地级市“坏账银行”亮相 温州将加速不良资产处置,　　全国地级市首家“坏账银行”——光大金瓯资产管理有限公司（以下简称“光大金瓯”）近日在温州领取了营业执照，这意味着筹备已久的“温州版”资产管理公司正式起航。 　　据了解，光大金瓯由中国光大集团、中国光大投资管理有限责任公司、温州金融投资集团和温州工投集团共同出资组建。其中，中国光大集团、光大投资共同出资5.5亿元，占股份55%；温州金投集团出资3.5亿元，占股份35%；温州工投集团出资1亿元，占股份10%。 　　《每日经济新闻》记者注意到，近年来，不良资产处置是温州“金改”的重头戏。数据显示，“金改”至今，温州已累计处置了不良贷款超过1000亿元。 　　批复半年终“领证” 　　2013年5月，江苏资产管理有限公司以50亿元注册成立，成为国内首家省级AMC（资产管理公司）。根据银监会、财政部2012年《金融企业不良资产批量转让管理办法》，各省可设立或授权一家地方资产管理公司，参与本省范围内不良资产的批量转让。 　　设立在杭州的浙商资产管理公司为全国首批五家省级AMC之一。实际上，在光大金瓯之前，正式开办或授权的地方AMC已扩容至18家，均为省级AMC。但作为地级市AMC，光大金瓯尚属全国第一家。 　　“借助温州金改的东风，加上温州此前在不良资产处置上取得阶段性成果，在积极争取下又给温州特批了一家。”温州市金融办主任张震宇表示。 　　据了解，此前国务院批复《浙江省温州市金融综合改革试验区总体方案》确定金改十二项任务中，就有“发展专业资产管理机构”一项。从2014年开始，温州市就在积极筹备本土版资产管理公司。 　　2015年6月，浙江省政府办公厅印发《关于设立温州资产管理公司的复函》，原则同意温州市设立温州资产管理公司；2015年12月29日，温州版的“坏账银行”终于领取了“营业执照”。 　　工商注册资料显示，光大金瓯注册资本金10亿元，经营范围为参与浙江省范围内金融企业不良资产的批量转让业务（凭浙江省人民政府文件和有效资质经营）、资产管理；资产投资及资产管理相关的重组、兼并、投资管理咨询服务；企业管理、财务咨询及服务。 　　“以现实情况来看，温州地区金融机构不良资产处置规模在浙江省内算是多的，因此，设立一家熟悉当地情况并扎根于当地的资产管理公司很有必要，也符合市场需求。”温州一金融业人士表示。 　　加速化解“两链”风险 　　过去几年，温州市对银行业的监管号称“史上最严”。据悉，温州银监分局为把控各家银行不良贷款处置的最新动态，设置了一个月四次情况上报的工作制度。大致如下：每月的7日或8日将上月不良贷款处置情况上报；当月12日之前，上报本月不良贷款处置总体趋势，并拿出处置应对措施；当月25日之前，就12日上报措施的落实情况进行“回头看”；每月最后一天，再将处置执行情况上报。 　　同时，温州还成立了民间资本管理公司以及温州金融资产交易中心，积极探索银行不良资产的挂牌转让。据了解，“金改”至今，温州累计处置了不良贷款1000多亿元；其中，超三分之一是通过不良贷款打包转让等手段快速处置的。 　　在这样的“严管”和多举措并举之下，2015年第三季度，温州市第一次实现不良贷款总额下降到300亿元以下、不良贷款率下降到4%以下的“双降”目标。数据显示，截至2015年9月末，不良贷款率为3.86%，比2015年初下降0.23个百分点，而2014年这一数据最高时曾达4.68%；关注类贷款比例6.25%，比2015年初下降0.26个百分点。 　　2015年3月，国务院通过了温州金改“新12条”，其中对于“化解风险”提出，“健全小额贷款核销处置机制。完善企业帮扶解困会商机制，建立健全不良资产风险防范和处置制度。发挥‘一府两院’联席制度作用，推动建立政银企法联动机制，创新金融债权差异化处置工作机制与途径。优化实施民间融资备案制。严厉打击涉嫌犯罪的逃废债行为。” 　　“本土资产管理公司是温州‘金改’重大项目之一，落地后能加速温州金融机构不良资产的处置，发挥‘金融稳定器’的作用，同时，也为温州金融业新增了业态。”张震宇表示。 　　据了解，光大金瓯设立后，将积极参与浙江省内金融企业不良资产的批量转让与处置，在加速化解温州企业“两链”风险、提高金融资源的配置效率、稳定温州金融市场方面发挥积极作用。但具体操作上，光大金瓯还需按照银监会相关要求向银监会报送开展金融企业不良资产批量收购、处置的业务资质说明，由银监会对业务资质予以认可公布后开展业务。,正向
5050,65808813,2016-01-04,哈尔滨威帝电子股份有限公司股票2015年12月28日2016年01月01日二级市场表现周简报,,负向
5051,65808814,2016-01-04,申万宏源集团股份有限公司股票2015年12月28日2016年01月01日二级市场表现周简报,,负向
5052,65808815,2016-01-04,会稽山绍兴酒股份有限公司股票2015年12月28日2016年01月01日二级市场表现周简报,,负向
5053,65808816,2016-01-04,江苏省交通规划设计院股份有限公司股票2015年12月28日2016年01月01日二级市场表现周简报,,负向
5054,65808817,2016-01-04,上海丰华(集团)股份有限公司股票2015年12月28日2016年01月01日二级市场表现周简报,,负向
5055,65808818,2016-01-04,渤海水业股份有限公司股票2015年12月28日2016年01月01日二级市场表现周简报,,负向
5056,65808819,2016-01-04,中国天楹股份有限公司股票2015年12月28日2016年01月01日二级市场表现周简报,,负向
5057,65808820,2016-01-04,雷科防务拟3.22亿元控股爱科特,　　雷科防务（002413，收盘价60.75元）1月3日晚间发布公告称，公司拟以现金3.22亿元的价格收购自然人韩周安所持有成都爱科特科技发展有限公司（简称“爱科特”）70%的股权。 　　资料显示，爱科特成立于2004年2月17日，是一家致力于射频信号分配管理和接收处理的专业公司。爱科特的控股股东和实际控制人为韩周安，持有爱科特1140万股股权，占注册资本比例的94.21%。 　　公告显示，本次交易以2015年9月30日为评估基准日，爱科特的预估值为4.6亿元，较该公司截至9月30日经初步审计净资产4384.31万元的增值率为949.19%。以此为据，此次拟收购的70%股权交易作价预计为3.22亿元。本次交易的金额的50%将在协议签署并生效后10个工作日内支付给交易对方，剩下的50%存放于交易双方共同确定的共管账户，用于购买雷科防务的股票，予以锁定，并按照爱特科2016~2018年业绩完成情况予以解锁。 　　交易对方承诺爱科特2015年的净利润不低于1000万元，2016~2018年的扣非净利润预测数分别达到3600万元、4200万元、5000万元；三年承诺净利润总额为1.28亿元。2014年、2015 年1~9月，爱科特分别实现营业总收3716.06万元、5024.73万元，实现净利润1082.18万元、1426.23万元。,正向
5058,65808822,2016-01-04,福建福能股份有限公司股票2015年12月28日2016年01月01日二级市场表现周简报,,负向
5059,65808823,2016-01-04,宋城演艺发展股份有限公司股票2015年12月28日2016年01月01日二级市场表现周简报,,负向
5060,65808824,2016-01-04,长城影视股份有限公司股票2015年12月28日2016年01月01日二级市场表现周简报,,负向
5061,65808825,2016-01-04,嘉凯城第二批城市客厅集中开业 首批开业实现销售额1.2亿,　　2015年12月31日，嘉凯城（000918，SZ）方面传来消息，位于杭州市余杭区塘栖镇的城市客厅和湖州市南浔镇双林的城市客厅开业、桐庐县横村镇的城市客厅试营业。这是嘉凯城城市客厅继2015年2月浙江诸暨市店口城市客厅开业后的第二批集中开业。 　　据了解，本次开业项目之一的塘栖城市客厅建筑面积3.6万平方米，从立项到开业，用时不到一年，目前招商率91%，开业率86.2%，吸引了新世界影城、好亿购超市、国美电器、老凤祥珠宝等60多家国内不同业态知名品牌进驻，嘉凯城城市客厅创业孵化平台——创客厅和慧生活也同时现身。 　　嘉凯城董办相关负责人称，嘉凯城城市客厅所选区域均是有着良好产业支撑和发展理念的城镇，在业态设计和发展中，注重“一镇一品、一镇一景、游”，避免城镇化进程中“千城一面”。“创客厅”为当地的特色产业、产品、文化提供展示、传播以及资源整合的机会，并通过城市客厅的线上线下平台进行推广，让地方文化与特色发扬光大并转变为经济活力。在活跃商业气氛的同时，调动城镇文化和风俗民情的创造力，更好地助力当地经济与文化发展。 　　“慧生活是一个增强城镇居民线上线下互动性体验的生活服务平台，将文创旅游、远程医疗等服务类商户纳入，进而改善城镇居民生活服务配套，拉近城乡差距，让城镇居民就地享受社会文明成果。”上述负责人进一步介绍道。 　　相关资料显示，城市客厅作为嘉凯城转型城镇生活服务平台商的战略核心产品，集文化、教育、医疗、体验式商业、餐饮娱乐、政务服务、O2O业态等功能于一体，早在年初被浙江省政府列入浙江省服务业重大项目。目前，嘉凯城已在浙江和江苏两省取得20个城市客厅项目，2015年2月首批开业的店口城市客厅已实现销售额1.2亿、客流量近400万人次。 　　“在经历了十余年的黄金发展期后，中国房地产有望借由国家推进新型城镇化战略的机遇，迎来行业转型升级、特色市场潜能释放的白银发展十年。”有券商研究员表示，城市客厅项目融合政府政务和公共服务配套，真正实践与丰富“人的城镇化”内涵，符合新型城镇化试点下的政策导向，这一模式在经济基础好但商业、公共服务失衡或匮乏的城镇市场潜力巨大。 　　另据嘉凯城日前发布公告称，聘任张金明为新任总裁。公开资料显示，嘉凯城新任总裁张金明到任嘉凯城前为中粮置业投资有限公司副总经理、中粮置地杭州公司总经理，旗下打造的“大悦城”已成为近年来国内商业地产中定位“青年城市综合体”的知名品牌。（文/老徐）,正向
5062,65808827,2016-01-04,盈方微电子股份有限公司股票2015年12月28日2016年01月01日二级市场表现周简报,,负向
5063,65808828,2016-01-04,宁波精达成形装备股份有限公司股票2015年12月28日2016年01月01日二级市场表现周简报,,负向
5064,65808829,2016-01-04,深圳市雄韬电源科技股份有限公司股票2015年12月28日2016年01月01日二级市场表现周简报,,负向
5065,65808830,2016-01-04,维格娜丝时装股份有限公司股票2015年12月28日2016年01月01日二级市场表现周简报,,负向
5066,65808831,2016-01-04,华电重工股份有限公司股票2015年12月28日2016年01月01日二级市场表现周简报,,负向
5067,65808832,2016-01-04,浙江金盾风机股份有限公司股票2015年12月28日2016年01月01日二级市场表现周简报,,负向
5068,65808833,2016-01-04,中衡设计集团股份有限公司股票2015年12月28日2016年01月01日二级市场表现周简报,,负向
5069,65808834,2016-01-04,福建火炬电子科技股份有限公司股票2015年12月28日2016年01月01日二级市场表现周简报,,负向
5070,65808835,2016-01-04,四川迅游网络科技股份有限公司股票2015年12月28日2016年01月01日二级市场表现周简报,,负向
5071,65808836,2016-01-04,四川迈克生物科技股份有限公司股票2015年12月28日2016年01月01日二级市场表现周简报,,负向
5072,65808837,2016-01-04,浙江济民制药股份有限公司股票2015年12月28日2016年01月01日二级市场表现周简报,,负向
5073,65808838,2016-01-04,苏州天孚光通信股份有限公司股票2015年12月28日2016年01月01日二级市场表现周简报,,负向
5074,65808839,2016-01-04,广西博世科环保科技股份有限公司股票2015年12月28日2016年01月01日二级市场表现周简报,,负向
5075,65808840,2016-01-04,山东鲁亿通智能电气股份有限公司股票2015年12月28日2016年01月01日二级市场表现周简报,,负向
5076,65808841,2016-01-04,木林森股份有限公司股票2015年12月28日2016年01月01日二级市场表现周简报,,负向
5077,65808842,2016-01-04,四川环能德美科技股份有限公司股票2015年12月28日2016年01月01日二级市场表现周简报,,负向
5078,65808843,2016-01-04,江苏力星通用钢球股份有限公司股票2015年12月28日2016年01月01日二级市场表现周简报,,负向
5079,65808844,2016-01-04,深圳市共进电子股份有限公司股票2015年12月28日2016年01月01日二级市场表现周简报,,负向
5080,65808845,2016-01-04,浙江唐德影视股份有限公司股票2015年12月28日2016年01月01日二级市场表现周简报,,负向
5081,65808846,2016-01-04,徐州五洋科技股份有限公司股票2015年12月28日2016年01月01日二级市场表现周简报,,负向
5082,65808847,2016-01-04,创维数字股份有限公司股票2015年12月28日2016年01月01日二级市场表现周简报,,负向
5083,65808848,2016-01-04,浙江田中精机股份有限公司股票2015年12月28日2016年01月01日二级市场表现周简报,,负向
5084,65808849,2016-01-04,高伟达软件股份有限公司股票2015年12月28日2016年01月01日二级市场表现周简报,,负向
5085,65808850,2016-01-04,深圳四方精创资讯股份有限公司股票2015年12月28日2016年01月01日二级市场表现周简报,,负向
5086,65808851,2016-01-04,春秋航空股份有限公司股票2015年12月28日2016年01月01日二级市场表现周简报,,负向
5087,65808852,2016-01-04,浙江华友钴业股份有限公司股票2015年12月28日2016年01月01日二级市场表现周简报,,负向
5088,65808853,2016-01-04,东方证券股份有限公司股票2015年12月28日2016年01月01日二级市场表现周简报,,负向
5089,65808854,2016-01-04,广东松发陶瓷股份有限公司股票2015年12月28日2016年01月01日二级市场表现周简报,,负向
5090,65808855,2016-01-04,西部黄金股份有限公司股票2015年12月28日2016年01月01日二级市场表现周简报,,负向
5091,65808856,2016-01-04,北部湾旅游股份有限公司股票2015年12月28日2016年01月01日二级市场表现周简报,,负向
5092,65808857,2016-01-04,南京埃斯顿自动化股份有限公司股票2015年12月28日2016年01月01日二级市场表现周简报,,负向
5093,65808860,2016-01-04,江苏立霸实业股份有限公司股票2015年12月28日2016年01月01日二级市场表现周简报,,负向
5094,65808861,2016-01-04,常州腾龙汽车零部件股份有限公司股票2015年12月28日2016年01月01日二级市场表现周简报,,负向
5095,65808862,2016-01-04,昇兴集团股份有限公司股票2015年12月28日2016年01月01日二级市场表现周简报,,负向
5096,65808863,2016-01-04,江苏省广电有线信息网络股份有限公司股票2015年12月28日2016年01月01日二级市场表现周简报,,负向
5097,65808864,2016-01-04,浙江华铁建筑安全科技股份有限公司股票2015年12月28日2016年01月01日二级市场表现周简报,,负向
5098,65808865,2016-01-04,上海吉祥航空股份有限公司股票2015年12月28日2016年01月01日二级市场表现周简报,,负向
5099,65808866,2016-01-04,安徽迎驾贡酒股份有限公司股票2015年12月28日2016年01月01日二级市场表现周简报,,负向
